city_key,city_name,date,forecast_sessions,type
amsterdam,Amsterdam,2026-01-01,8.2,forecast
amsterdam,Amsterdam,2026-01-02,7.6,forecast
amsterdam,Amsterdam,2026-01-03,5.9,forecast
amsterdam,Amsterdam,2026-01-04,5.9,forecast
amsterdam,Amsterdam,2026-01-05,7.9,forecast
amsterdam,Amsterdam,2026-01-06,8.0,forecast
amsterdam,Amsterdam,2026-01-07,7.8,forecast
amsterdam,Amsterdam,2026-01-08,8.2,forecast
amsterdam,Amsterdam,2026-01-09,7.6,forecast
amsterdam,Amsterdam,2026-01-10,5.9,forecast
amsterdam,Amsterdam,2026-01-11,5.9,forecast
amsterdam,Amsterdam,2026-01-12,7.9,forecast
amsterdam,Amsterdam,2026-01-13,8.0,forecast
amsterdam,Amsterdam,2026-01-14,7.8,forecast
amsterdam,Amsterdam,2026-01-15,8.2,forecast
amsterdam,Amsterdam,2026-01-16,7.6,forecast
amsterdam,Amsterdam,2026-01-17,5.9,forecast
amsterdam,Amsterdam,2026-01-18,5.9,forecast
amsterdam,Amsterdam,2026-01-19,7.9,forecast
amsterdam,Amsterdam,2026-01-20,8.0,forecast
amsterdam,Amsterdam,2026-01-21,7.8,forecast
amsterdam,Amsterdam,2026-01-22,8.2,forecast
amsterdam,Amsterdam,2026-01-23,7.6,forecast
amsterdam,Amsterdam,2026-01-24,5.9,forecast
amsterdam,Amsterdam,2026-01-25,5.9,forecast
amsterdam,Amsterdam,2026-01-26,7.9,forecast
amsterdam,Amsterdam,2026-01-27,8.0,forecast
amsterdam,Amsterdam,2026-01-28,7.8,forecast
amsterdam,Amsterdam,2026-01-29,8.2,forecast
amsterdam,Amsterdam,2026-01-30,7.6,forecast
berlin,Berlin,2026-01-01,7.4,forecast
berlin,Berlin,2026-01-02,7.0,forecast
berlin,Berlin,2026-01-03,5.5,forecast
berlin,Berlin,2026-01-04,5.3,forecast
berlin,Berlin,2026-01-05,7.4,forecast
berlin,Berlin,2026-01-06,7.1,forecast
berlin,Berlin,2026-01-07,7.2,forecast
berlin,Berlin,2026-01-08,7.4,forecast
berlin,Berlin,2026-01-09,7.0,forecast
berlin,Berlin,2026-01-10,5.5,forecast
berlin,Berlin,2026-01-11,5.3,forecast
berlin,Berlin,2026-01-12,7.4,forecast
berlin,Berlin,2026-01-13,7.0,forecast
berlin,Berlin,2026-01-14,7.2,forecast
berlin,Berlin,2026-01-15,7.4,forecast
berlin,Berlin,2026-01-16,7.0,forecast
berlin,Berlin,2026-01-17,5.5,forecast
berlin,Berlin,2026-01-18,5.3,forecast
berlin,Berlin,2026-01-19,7.4,forecast
berlin,Berlin,2026-01-20,7.0,forecast
berlin,Berlin,2026-01-21,7.2,forecast
berlin,Berlin,2026-01-22,7.4,forecast
berlin,Berlin,2026-01-23,6.9,forecast
berlin,Berlin,2026-01-24,5.5,forecast
berlin,Berlin,2026-01-25,5.3,forecast
berlin,Berlin,2026-01-26,7.4,forecast
berlin,Berlin,2026-01-27,7.0,forecast
berlin,Berlin,2026-01-28,7.2,forecast
berlin,Berlin,2026-01-29,7.4,forecast
berlin,Berlin,2026-01-30,6.9,forecast
copenhagen,Copenhagen,2026-01-01,9.4,forecast
copenhagen,Copenhagen,2026-01-02,8.8,forecast
copenhagen,Copenhagen,2026-01-03,6.6,forecast
copenhagen,Copenhagen,2026-01-04,6.5,forecast
copenhagen,Copenhagen,2026-01-05,9.4,forecast
copenhagen,Copenhagen,2026-01-06,8.7,forecast
copenhagen,Copenhagen,2026-01-07,9.2,forecast
copenhagen,Copenhagen,2026-01-08,9.4,forecast
copenhagen,Copenhagen,2026-01-09,8.8,forecast
copenhagen,Copenhagen,2026-01-10,6.6,forecast
copenhagen,Copenhagen,2026-01-11,6.5,forecast
copenhagen,Copenhagen,2026-01-12,9.4,forecast
copenhagen,Copenhagen,2026-01-13,8.7,forecast
copenhagen,Copenhagen,2026-01-14,9.2,forecast
copenhagen,Copenhagen,2026-01-15,9.4,forecast
copenhagen,Copenhagen,2026-01-16,8.8,forecast
copenhagen,Copenhagen,2026-01-17,6.7,forecast
copenhagen,Copenhagen,2026-01-18,6.5,forecast
copenhagen,Copenhagen,2026-01-19,9.4,forecast
copenhagen,Copenhagen,2026-01-20,8.7,forecast
copenhagen,Copenhagen,2026-01-21,9.2,forecast
copenhagen,Copenhagen,2026-01-22,9.4,forecast
copenhagen,Copenhagen,2026-01-23,8.9,forecast
copenhagen,Copenhagen,2026-01-24,6.7,forecast
copenhagen,Copenhagen,2026-01-25,6.5,forecast
copenhagen,Copenhagen,2026-01-26,9.5,forecast
copenhagen,Copenhagen,2026-01-27,8.7,forecast
copenhagen,Copenhagen,2026-01-28,9.2,forecast
copenhagen,Copenhagen,2026-01-29,9.4,forecast
copenhagen,Copenhagen,2026-01-30,8.9,forecast
madrid,Madrid,2026-01-01,8.1,forecast
madrid,Madrid,2026-01-02,7.8,forecast
madrid,Madrid,2026-01-03,6.3,forecast
madrid,Madrid,2026-01-04,6.0,forecast
madrid,Madrid,2026-01-05,8.5,forecast
madrid,Madrid,2026-01-06,8.3,forecast
madrid,Madrid,2026-01-07,8.1,forecast
madrid,Madrid,2026-01-08,8.1,forecast
madrid,Madrid,2026-01-09,7.8,forecast
madrid,Madrid,2026-01-10,6.3,forecast
madrid,Madrid,2026-01-11,6.0,forecast
madrid,Madrid,2026-01-12,8.5,forecast
madrid,Madrid,2026-01-13,8.3,forecast
madrid,Madrid,2026-01-14,8.1,forecast
madrid,Madrid,2026-01-15,8.1,forecast
madrid,Madrid,2026-01-16,7.8,forecast
madrid,Madrid,2026-01-17,6.3,forecast
madrid,Madrid,2026-01-18,6.0,forecast
madrid,Madrid,2026-01-19,8.5,forecast
madrid,Madrid,2026-01-20,8.3,forecast
madrid,Madrid,2026-01-21,8.1,forecast
madrid,Madrid,2026-01-22,8.1,forecast
madrid,Madrid,2026-01-23,7.8,forecast
madrid,Madrid,2026-01-24,6.2,forecast
madrid,Madrid,2026-01-25,6.0,forecast
madrid,Madrid,2026-01-26,8.5,forecast
madrid,Madrid,2026-01-27,8.3,forecast
madrid,Madrid,2026-01-28,8.1,forecast
madrid,Madrid,2026-01-29,8.0,forecast
madrid,Madrid,2026-01-30,7.8,forecast
oslo,Oslo,2026-01-01,10.1,forecast
oslo,Oslo,2026-01-02,10.1,forecast
oslo,Oslo,2026-01-03,7.5,forecast
oslo,Oslo,2026-01-04,7.3,forecast
oslo,Oslo,2026-01-05,9.7,forecast
oslo,Oslo,2026-01-06,10.2,forecast
oslo,Oslo,2026-01-07,10.2,forecast
oslo,Oslo,2026-01-08,10.1,forecast
oslo,Oslo,2026-01-09,10.1,forecast
oslo,Oslo,2026-01-10,7.5,forecast
oslo,Oslo,2026-01-11,7.3,forecast
oslo,Oslo,2026-01-12,9.7,forecast
oslo,Oslo,2026-01-13,10.2,forecast
oslo,Oslo,2026-01-14,10.2,forecast
oslo,Oslo,2026-01-15,10.1,forecast
oslo,Oslo,2026-01-16,10.1,forecast
oslo,Oslo,2026-01-17,7.5,forecast
oslo,Oslo,2026-01-18,7.3,forecast
oslo,Oslo,2026-01-19,9.7,forecast
oslo,Oslo,2026-01-20,10.2,forecast
oslo,Oslo,2026-01-21,10.2,forecast
oslo,Oslo,2026-01-22,10.0,forecast
oslo,Oslo,2026-01-23,10.1,forecast
oslo,Oslo,2026-01-24,7.5,forecast
oslo,Oslo,2026-01-25,7.3,forecast
oslo,Oslo,2026-01-26,9.7,forecast
oslo,Oslo,2026-01-27,10.2,forecast
oslo,Oslo,2026-01-28,10.2,forecast
oslo,Oslo,2026-01-29,10.0,forecast
oslo,Oslo,2026-01-30,10.1,forecast
paris,Paris,2026-01-01,11.1,forecast
paris,Paris,2026-01-02,11.5,forecast
paris,Paris,2026-01-03,8.7,forecast
paris,Paris,2026-01-04,8.2,forecast
paris,Paris,2026-01-05,11.1,forecast
paris,Paris,2026-01-06,10.9,forecast
paris,Paris,2026-01-07,11.6,forecast
paris,Paris,2026-01-08,11.1,forecast
paris,Paris,2026-01-09,11.5,forecast
paris,Paris,2026-01-10,8.6,forecast
paris,Paris,2026-01-11,8.2,forecast
paris,Paris,2026-01-12,11.1,forecast
paris,Paris,2026-01-13,10.9,forecast
paris,Paris,2026-01-14,11.6,forecast
paris,Paris,2026-01-15,11.1,forecast
paris,Paris,2026-01-16,11.5,forecast
paris,Paris,2026-01-17,8.6,forecast
paris,Paris,2026-01-18,8.2,forecast
paris,Paris,2026-01-19,11.1,forecast
paris,Paris,2026-01-20,10.9,forecast
paris,Paris,2026-01-21,11.6,forecast
paris,Paris,2026-01-22,11.1,forecast
paris,Paris,2026-01-23,11.5,forecast
paris,Paris,2026-01-24,8.6,forecast
paris,Paris,2026-01-25,8.2,forecast
paris,Paris,2026-01-26,11.1,forecast
paris,Paris,2026-01-27,10.9,forecast
paris,Paris,2026-01-28,11.6,forecast
paris,Paris,2026-01-29,11.1,forecast
paris,Paris,2026-01-30,11.5,forecast
stockholm,Stockholm,2026-01-01,8.7,forecast
stockholm,Stockholm,2026-01-02,8.7,forecast
stockholm,Stockholm,2026-01-03,6.6,forecast
stockholm,Stockholm,2026-01-04,6.6,forecast
stockholm,Stockholm,2026-01-05,9.1,forecast
stockholm,Stockholm,2026-01-06,9.0,forecast
stockholm,Stockholm,2026-01-07,8.9,forecast
stockholm,Stockholm,2026-01-08,8.7,forecast
stockholm,Stockholm,2026-01-09,8.7,forecast
stockholm,Stockholm,2026-01-10,6.6,forecast
stockholm,Stockholm,2026-01-11,6.6,forecast
stockholm,Stockholm,2026-01-12,9.1,forecast
stockholm,Stockholm,2026-01-13,9.0,forecast
stockholm,Stockholm,2026-01-14,8.9,forecast
stockholm,Stockholm,2026-01-15,8.7,forecast
stockholm,Stockholm,2026-01-16,8.7,forecast
stockholm,Stockholm,2026-01-17,6.6,forecast
stockholm,Stockholm,2026-01-18,6.6,forecast
stockholm,Stockholm,2026-01-19,9.1,forecast
stockholm,Stockholm,2026-01-20,9.0,forecast
stockholm,Stockholm,2026-01-21,8.9,forecast
stockholm,Stockholm,2026-01-22,8.7,forecast
stockholm,Stockholm,2026-01-23,8.7,forecast
stockholm,Stockholm,2026-01-24,6.6,forecast
stockholm,Stockholm,2026-01-25,6.6,forecast
stockholm,Stockholm,2026-01-26,9.1,forecast
stockholm,Stockholm,2026-01-27,9.0,forecast
stockholm,Stockholm,2026-01-28,8.9,forecast
stockholm,Stockholm,2026-01-29,8.7,forecast
stockholm,Stockholm,2026-01-30,8.7,forecast
warsaw,Warsaw,2026-01-01,10.2,forecast
warsaw,Warsaw,2026-01-02,10.0,forecast
warsaw,Warsaw,2026-01-03,7.3,forecast
warsaw,Warsaw,2026-01-04,7.4,forecast
warsaw,Warsaw,2026-01-05,10.8,forecast
warsaw,Warsaw,2026-01-06,10.2,forecast
warsaw,Warsaw,2026-01-07,10.4,forecast
warsaw,Warsaw,2026-01-08,10.2,forecast
warsaw,Warsaw,2026-01-09,10.0,forecast
warsaw,Warsaw,2026-01-10,7.3,forecast
warsaw,Warsaw,2026-01-11,7.4,forecast
warsaw,Warsaw,2026-01-12,10.8,forecast
warsaw,Warsaw,2026-01-13,10.2,forecast
warsaw,Warsaw,2026-01-14,10.4,forecast
warsaw,Warsaw,2026-01-15,10.2,forecast
warsaw,Warsaw,2026-01-16,10.0,forecast
warsaw,Warsaw,2026-01-17,7.3,forecast
warsaw,Warsaw,2026-01-18,7.4,forecast
warsaw,Warsaw,2026-01-19,10.8,forecast
warsaw,Warsaw,2026-01-20,10.2,forecast
warsaw,Warsaw,2026-01-21,10.4,forecast
warsaw,Warsaw,2026-01-22,10.2,forecast
warsaw,Warsaw,2026-01-23,10.0,forecast
warsaw,Warsaw,2026-01-24,7.3,forecast
warsaw,Warsaw,2026-01-25,7.4,forecast
warsaw,Warsaw,2026-01-26,10.8,forecast
warsaw,Warsaw,2026-01-27,10.2,forecast
warsaw,Warsaw,2026-01-28,10.4,forecast
warsaw,Warsaw,2026-01-29,10.2,forecast
warsaw,Warsaw,2026-01-30,10.0,forecast
