station_id,station_name,city_key,city_name,country,country_code,region,operator,latitude,longitude,num_connectors,connector_type,power_kw,charger_class,data_source
STOCKHOLM-001,Stockholm Charging Hub 1,stockholm,Stockholm,Sweden,SE,Nordics,PlugSurfing,59.32937,18.11758,1,CCS,22,Standard (<50kW),synthetic
STOCKHOLM-002,Stockholm Charging Hub 2,stockholm,Stockholm,Sweden,SE,Nordics,Tesla Supercharger,59.34722,18.10429,1,CCS,11,Standard (<50kW),synthetic
STOCKHOLM-003,Stockholm Charging Hub 3,stockholm,Stockholm,Sweden,SE,Nordics,PlugSurfing,59.31285,18.07914,6,CCS,22,Standard (<50kW),synthetic
STOCKHOLM-004,Stockholm Charging Hub 4,stockholm,Stockholm,Sweden,SE,Nordics,Vattenfall InCharge,59.27586,17.97555,3,Type 2,50,Fast (50-149kW),synthetic
STOCKHOLM-005,Stockholm Charging Hub 5,stockholm,Stockholm,Sweden,SE,Nordics,IONITY,59.30202,18.06567,2,CCS,11,Standard (<50kW),synthetic
STOCKHOLM-006,Stockholm Charging Hub 6,stockholm,Stockholm,Sweden,SE,Nordics,Enel X Way,59.26980,18.13813,3,Type 2,22,Standard (<50kW),synthetic
STOCKHOLM-007,Stockholm Charging Hub 7,stockholm,Stockholm,Sweden,SE,Nordics,EVBox,59.33291,17.93418,1,Type 2,150,Ultra-Fast (150kW+),synthetic
STOCKHOLM-008,Stockholm Charging Hub 8,stockholm,Stockholm,Sweden,SE,Nordics,Fastned,59.40971,18.02284,4,CCS,150,Ultra-Fast (150kW+),synthetic
STOCKHOLM-009,Stockholm Charging Hub 9,stockholm,Stockholm,Sweden,SE,Nordics,IONITY,59.29977,17.87848,5,Type 2,50,Fast (50-149kW),synthetic
STOCKHOLM-010,Stockholm Charging Hub 10,stockholm,Stockholm,Sweden,SE,Nordics,Enel X Way,59.29207,17.93965,4,CCS,50,Fast (50-149kW),synthetic
OSLO-001,Oslo Charging Hub 1,oslo,Oslo,Norway,NO,Nordics,IONITY,60.03392,10.68463,2,CCS,50,Fast (50-149kW),synthetic
OSLO-002,Oslo Charging Hub 2,oslo,Oslo,Norway,NO,Nordics,Allego,59.95964,10.77251,1,CCS,50,Fast (50-149kW),synthetic
OSLO-003,Oslo Charging Hub 3,oslo,Oslo,Norway,NO,Nordics,EVBox,59.84194,10.70587,6,CCS,300,Ultra-Fast (150kW+),synthetic
OSLO-004,Oslo Charging Hub 4,oslo,Oslo,Norway,NO,Nordics,Allego,59.91837,10.76493,2,CHAdeMO,11,Standard (<50kW),synthetic
OSLO-005,Oslo Charging Hub 5,oslo,Oslo,Norway,NO,Nordics,IONITY,59.94850,10.63348,2,CCS,50,Fast (50-149kW),synthetic
OSLO-006,Oslo Charging Hub 6,oslo,Oslo,Norway,NO,Nordics,Allego,59.90257,10.69427,4,Type 2,50,Fast (50-149kW),synthetic
OSLO-007,Oslo Charging Hub 7,oslo,Oslo,Norway,NO,Nordics,Vattenfall InCharge,59.95487,10.73258,2,Type 2,22,Standard (<50kW),synthetic
OSLO-008,Oslo Charging Hub 8,oslo,Oslo,Norway,NO,Nordics,Allego,59.90991,10.84208,3,CCS,150,Ultra-Fast (150kW+),synthetic
OSLO-009,Oslo Charging Hub 9,oslo,Oslo,Norway,NO,Nordics,Tesla Supercharger,59.95393,10.86672,5,Type 2,22,Standard (<50kW),synthetic
OSLO-010,Oslo Charging Hub 10,oslo,Oslo,Norway,NO,Nordics,PlugSurfing,60.00021,10.61985,1,Type 2,22,Standard (<50kW),synthetic
COPENHAGEN-001,Copenhagen Charging Hub 1,copenhagen,Copenhagen,Denmark,DK,Nordics,PlugSurfing,55.55398,12.54771,4,CCS,11,Standard (<50kW),synthetic
COPENHAGEN-002,Copenhagen Charging Hub 2,copenhagen,Copenhagen,Denmark,DK,Nordics,IONITY,55.65783,12.63855,5,Type 2,50,Fast (50-149kW),synthetic
COPENHAGEN-003,Copenhagen Charging Hub 3,copenhagen,Copenhagen,Denmark,DK,Nordics,E.ON Drive,55.62210,12.62029,3,Type 2,11,Standard (<50kW),synthetic
COPENHAGEN-004,Copenhagen Charging Hub 4,copenhagen,Copenhagen,Denmark,DK,Nordics,Shell Recharge,55.68594,12.46493,6,CCS,22,Standard (<50kW),synthetic
COPENHAGEN-005,Copenhagen Charging Hub 5,copenhagen,Copenhagen,Denmark,DK,Nordics,Fastned,55.81079,12.56038,2,CHAdeMO,22,Standard (<50kW),synthetic
COPENHAGEN-006,Copenhagen Charging Hub 6,copenhagen,Copenhagen,Denmark,DK,Nordics,Vattenfall InCharge,55.62620,12.57183,6,CCS,22,Standard (<50kW),synthetic
COPENHAGEN-007,Copenhagen Charging Hub 7,copenhagen,Copenhagen,Denmark,DK,Nordics,PlugSurfing,55.63866,12.46285,6,CCS,50,Fast (50-149kW),synthetic
COPENHAGEN-008,Copenhagen Charging Hub 8,copenhagen,Copenhagen,Denmark,DK,Nordics,PlugSurfing,55.68842,12.59428,3,CCS,50,Fast (50-149kW),synthetic
COPENHAGEN-009,Copenhagen Charging Hub 9,copenhagen,Copenhagen,Denmark,DK,Nordics,Enel X Way,55.70568,12.48250,6,Type 2,22,Standard (<50kW),synthetic
COPENHAGEN-010,Copenhagen Charging Hub 10,copenhagen,Copenhagen,Denmark,DK,Nordics,Fastned,55.66552,12.66551,4,CHAdeMO,22,Standard (<50kW),synthetic
BERLIN-001,Berlin Charging Hub 1,berlin,Berlin,Germany,DE,Western Europe,IONITY,52.52080,13.33788,2,Type 2,50,Fast (50-149kW),synthetic
BERLIN-002,Berlin Charging Hub 2,berlin,Berlin,Germany,DE,Western Europe,IONITY,52.47834,13.29959,5,CCS,22,Standard (<50kW),synthetic
BERLIN-003,Berlin Charging Hub 3,berlin,Berlin,Germany,DE,Western Europe,PlugSurfing,52.50040,13.43873,1,CHAdeMO,50,Fast (50-149kW),synthetic
BERLIN-004,Berlin Charging Hub 4,berlin,Berlin,Germany,DE,Western Europe,Enel X Way,52.48639,13.54573,6,CCS,150,Ultra-Fast (150kW+),synthetic
BERLIN-005,Berlin Charging Hub 5,berlin,Berlin,Germany,DE,Western Europe,Vattenfall InCharge,52.52048,13.25960,1,Type 2,300,Ultra-Fast (150kW+),synthetic
BERLIN-006,Berlin Charging Hub 6,berlin,Berlin,Germany,DE,Western Europe,Vattenfall InCharge,52.49748,13.38415,2,Type 2,11,Standard (<50kW),synthetic
BERLIN-007,Berlin Charging Hub 7,berlin,Berlin,Germany,DE,Western Europe,E.ON Drive,52.50200,13.34179,4,Type 2,11,Standard (<50kW),synthetic
BERLIN-008,Berlin Charging Hub 8,berlin,Berlin,Germany,DE,Western Europe,Fastned,52.43729,13.22890,1,CCS,50,Fast (50-149kW),synthetic
BERLIN-009,Berlin Charging Hub 9,berlin,Berlin,Germany,DE,Western Europe,Tesla Supercharger,52.47159,13.47849,2,CHAdeMO,11,Standard (<50kW),synthetic
BERLIN-010,Berlin Charging Hub 10,berlin,Berlin,Germany,DE,Western Europe,EVBox,52.61924,13.40266,5,CCS,50,Fast (50-149kW),synthetic
AMSTERDAM-001,Amsterdam Charging Hub 1,amsterdam,Amsterdam,Netherlands,NL,Western Europe,Shell Recharge,52.45850,4.80260,4,CCS,50,Fast (50-149kW),synthetic
AMSTERDAM-002,Amsterdam Charging Hub 2,amsterdam,Amsterdam,Netherlands,NL,Western Europe,Tesla Supercharger,52.29280,4.90286,4,CCS,11,Standard (<50kW),synthetic
AMSTERDAM-003,Amsterdam Charging Hub 3,amsterdam,Amsterdam,Netherlands,NL,Western Europe,EVBox,52.41930,4.98807,5,Type 2,150,Ultra-Fast (150kW+),synthetic
AMSTERDAM-004,Amsterdam Charging Hub 4,amsterdam,Amsterdam,Netherlands,NL,Western Europe,Shell Recharge,52.39724,4.73972,6,CCS,50,Fast (50-149kW),synthetic
AMSTERDAM-005,Amsterdam Charging Hub 5,amsterdam,Amsterdam,Netherlands,NL,Western Europe,Shell Recharge,52.42002,4.69310,1,CCS,11,Standard (<50kW),synthetic
AMSTERDAM-006,Amsterdam Charging Hub 6,amsterdam,Amsterdam,Netherlands,NL,Western Europe,Fastned,52.48034,4.93003,4,CHAdeMO,22,Standard (<50kW),synthetic
AMSTERDAM-007,Amsterdam Charging Hub 7,amsterdam,Amsterdam,Netherlands,NL,Western Europe,Fastned,52.45667,4.90854,2,Type 2,22,Standard (<50kW),synthetic
AMSTERDAM-008,Amsterdam Charging Hub 8,amsterdam,Amsterdam,Netherlands,NL,Western Europe,Allego,52.29889,4.87952,1,Type 2,50,Fast (50-149kW),synthetic
AMSTERDAM-009,Amsterdam Charging Hub 9,amsterdam,Amsterdam,Netherlands,NL,Western Europe,Fastned,52.26628,4.90795,4,CCS,11,Standard (<50kW),synthetic
AMSTERDAM-010,Amsterdam Charging Hub 10,amsterdam,Amsterdam,Netherlands,NL,Western Europe,Shell Recharge,52.41661,4.81805,3,CCS,22,Standard (<50kW),synthetic
PARIS-001,Paris Charging Hub 1,paris,Paris,France,FR,Western Europe,PlugSurfing,48.73847,2.34685,3,CCS,150,Ultra-Fast (150kW+),synthetic
PARIS-002,Paris Charging Hub 2,paris,Paris,France,FR,Western Europe,EVBox,48.66151,2.35604,5,CCS,11,Standard (<50kW),synthetic
PARIS-003,Paris Charging Hub 3,paris,Paris,France,FR,Western Europe,PlugSurfing,48.82479,2.43274,5,Type 2,150,Ultra-Fast (150kW+),synthetic
PARIS-004,Paris Charging Hub 4,paris,Paris,France,FR,Western Europe,Vattenfall InCharge,48.93661,2.40746,4,CCS,11,Standard (<50kW),synthetic
PARIS-005,Paris Charging Hub 5,paris,Paris,France,FR,Western Europe,Vattenfall InCharge,48.85943,2.37377,2,CCS,11,Standard (<50kW),synthetic
PARIS-006,Paris Charging Hub 6,paris,Paris,France,FR,Western Europe,EVBox,48.78625,2.24791,6,Type 2,50,Fast (50-149kW),synthetic
PARIS-007,Paris Charging Hub 7,paris,Paris,France,FR,Western Europe,IONITY,48.80016,2.40331,5,CCS,11,Standard (<50kW),synthetic
PARIS-008,Paris Charging Hub 8,paris,Paris,France,FR,Western Europe,Tesla Supercharger,48.92444,2.28378,6,CHAdeMO,50,Fast (50-149kW),synthetic
PARIS-009,Paris Charging Hub 9,paris,Paris,France,FR,Western Europe,IONITY,48.86606,2.46158,5,Type 2,150,Ultra-Fast (150kW+),synthetic
PARIS-010,Paris Charging Hub 10,paris,Paris,France,FR,Western Europe,Fastned,48.85948,2.22509,2,CCS,50,Fast (50-149kW),synthetic
MADRID-001,Madrid Charging Hub 1,madrid,Madrid,Spain,ES,Southern Europe,Shell Recharge,40.42006,-3.81471,6,Type 2,150,Ultra-Fast (150kW+),synthetic
MADRID-002,Madrid Charging Hub 2,madrid,Madrid,Spain,ES,Southern Europe,EVBox,40.50751,-3.71049,6,Type 2,11,Standard (<50kW),synthetic
MADRID-003,Madrid Charging Hub 3,madrid,Madrid,Spain,ES,Southern Europe,Allego,40.45014,-3.61643,4,Type 2,11,Standard (<50kW),synthetic
MADRID-004,Madrid Charging Hub 4,madrid,Madrid,Spain,ES,Southern Europe,PlugSurfing,40.41329,-3.74305,2,CHAdeMO,150,Ultra-Fast (150kW+),synthetic
MADRID-005,Madrid Charging Hub 5,madrid,Madrid,Spain,ES,Southern Europe,PlugSurfing,40.38204,-3.72652,5,Type 2,22,Standard (<50kW),synthetic
MADRID-006,Madrid Charging Hub 6,madrid,Madrid,Spain,ES,Southern Europe,Fastned,40.37870,-3.72590,1,Type 2,22,Standard (<50kW),synthetic
MADRID-007,Madrid Charging Hub 7,madrid,Madrid,Spain,ES,Southern Europe,Tesla Supercharger,40.51296,-3.69284,5,Type 2,22,Standard (<50kW),synthetic
MADRID-008,Madrid Charging Hub 8,madrid,Madrid,Spain,ES,Southern Europe,E.ON Drive,40.44720,-3.86310,6,CCS,11,Standard (<50kW),synthetic
MADRID-009,Madrid Charging Hub 9,madrid,Madrid,Spain,ES,Southern Europe,EVBox,40.42085,-3.72734,2,Type 2,300,Ultra-Fast (150kW+),synthetic
MADRID-010,Madrid Charging Hub 10,madrid,Madrid,Spain,ES,Southern Europe,Allego,40.39603,-3.78924,1,Type 2,22,Standard (<50kW),synthetic
WARSAW-001,Warsaw Charging Hub 1,warsaw,Warsaw,Poland,PL,Eastern Europe,Vattenfall InCharge,52.23220,20.98232,2,CHAdeMO,300,Ultra-Fast (150kW+),synthetic
WARSAW-002,Warsaw Charging Hub 2,warsaw,Warsaw,Poland,PL,Eastern Europe,Enel X Way,52.31845,21.00818,4,Type 2,22,Standard (<50kW),synthetic
WARSAW-003,Warsaw Charging Hub 3,warsaw,Warsaw,Poland,PL,Eastern Europe,Enel X Way,52.28728,21.03286,1,Type 2,300,Ultra-Fast (150kW+),synthetic
WARSAW-004,Warsaw Charging Hub 4,warsaw,Warsaw,Poland,PL,Eastern Europe,E.ON Drive,52.17317,21.00380,1,Type 2,50,Fast (50-149kW),synthetic
WARSAW-005,Warsaw Charging Hub 5,warsaw,Warsaw,Poland,PL,Eastern Europe,PlugSurfing,52.17838,21.06255,6,CCS,22,Standard (<50kW),synthetic
WARSAW-006,Warsaw Charging Hub 6,warsaw,Warsaw,Poland,PL,Eastern Europe,E.ON Drive,52.19945,21.19929,5,CCS,150,Ultra-Fast (150kW+),synthetic
WARSAW-007,Warsaw Charging Hub 7,warsaw,Warsaw,Poland,PL,Eastern Europe,Enel X Way,52.24724,21.07140,5,CCS,150,Ultra-Fast (150kW+),synthetic
WARSAW-008,Warsaw Charging Hub 8,warsaw,Warsaw,Poland,PL,Eastern Europe,Shell Recharge,52.21738,21.01778,2,CCS,22,Standard (<50kW),synthetic
WARSAW-009,Warsaw Charging Hub 9,warsaw,Warsaw,Poland,PL,Eastern Europe,Shell Recharge,52.24257,20.84359,6,CCS,11,Standard (<50kW),synthetic
WARSAW-010,Warsaw Charging Hub 10,warsaw,Warsaw,Poland,PL,Eastern Europe,PlugSurfing,52.24750,21.05100,6,Type 2,22,Standard (<50kW),synthetic
