country_code,month,bev_registrations,phev_registrations,total_registrations,cumulative_registrations,mom_growth_pct
NO,2024-01-01,6051,3039,9090,9090,
NO,2024-02-01,6112,2954,9066,18156,-0.3
NO,2024-03-01,9244,3334,12578,30734,38.7
NO,2024-04-01,7951,4704,12655,43389,0.6
NO,2024-05-01,11582,4008,15590,58979,23.2
NO,2024-06-01,9517,4740,14257,73236,-8.6
NO,2024-07-01,11236,4278,15514,88750,8.8
NO,2024-08-01,9428,4807,14235,102985,-8.2
NO,2024-09-01,9473,4178,13651,116636,-4.1
NO,2024-10-01,8569,3628,12197,128833,-10.7
NO,2024-11-01,8171,3836,12007,140840,-1.6
NO,2024-12-01,8470,3739,12209,153049,1.7
NO,2025-01-01,9023,4423,13446,166495,10.1
NO,2025-02-01,9554,4566,14120,180615,5.0
NO,2025-03-01,10456,4899,15355,195970,8.7
NO,2025-04-01,10759,5509,16268,212238,5.9
NO,2025-05-01,12142,6723,18865,231103,16.0
NO,2025-06-01,14294,6159,20453,251556,8.4
NO,2025-07-01,11935,5449,17384,268940,-15.0
NO,2025-08-01,13492,5918,19410,288350,11.7
NO,2025-09-01,12117,4724,16841,305191,-13.2
NO,2025-10-01,11802,5358,17160,322351,1.9
NO,2025-11-01,9583,4762,14345,336696,-16.4
NO,2025-12-01,10673,4939,15612,352308,8.8
DE,2024-01-01,25455,10721,36176,36176,
DE,2024-02-01,28788,13741,42529,78705,17.6
DE,2024-03-01,25452,12714,38166,116871,-10.3
DE,2024-04-01,33621,15265,48886,165757,28.1
DE,2024-05-01,35836,15734,51570,217327,5.5
DE,2024-06-01,40076,18716,58792,276119,14.0
DE,2024-07-01,37890,19336,57226,333345,-2.7
DE,2024-08-01,38092,16091,54183,387528,-5.3
DE,2024-09-01,35988,15188,51176,438704,-5.5
DE,2024-10-01,35399,15502,50901,489605,-0.5
DE,2024-11-01,31337,14153,45490,535095,-10.6
DE,2024-12-01,34858,14757,49615,584710,9.1
DE,2025-01-01,32061,15183,47244,631954,-4.8
DE,2025-02-01,37568,17453,55021,686975,16.5
DE,2025-03-01,41068,19353,60421,747396,9.8
DE,2025-04-01,51066,19849,70915,818311,17.4
DE,2025-05-01,44812,20557,65369,883680,-7.8
DE,2025-06-01,50866,24873,75739,959419,15.9
DE,2025-07-01,48091,21304,69395,1028814,-8.4
DE,2025-08-01,43933,23286,67219,1096033,-3.1
DE,2025-09-01,47202,21877,69079,1165112,2.8
DE,2025-10-01,39718,20108,59826,1224938,-13.4
DE,2025-11-01,40532,19228,59760,1284698,-0.1
DE,2025-12-01,42692,19117,61809,1346507,3.4
NL,2024-01-01,4874,2643,7517,7517,
NL,2024-02-01,5009,2401,7410,14927,-1.4
NL,2024-03-01,6417,2781,9198,24125,24.1
NL,2024-04-01,6732,3128,9860,33985,7.2
NL,2024-05-01,7458,3802,11260,45245,14.2
NL,2024-06-01,7632,3749,11381,56626,1.1
NL,2024-07-01,6376,3575,9951,66577,-12.6
NL,2024-08-01,6930,3156,10086,76663,1.4
NL,2024-09-01,6577,3240,9817,86480,-2.7
NL,2024-10-01,7184,2815,9999,96479,1.9
NL,2024-11-01,6453,2911,9364,105843,-6.4
NL,2024-12-01,6257,3266,9523,115366,1.7
NL,2025-01-01,7008,3500,10508,125874,10.3
NL,2025-02-01,7202,3240,10442,136316,-0.6
NL,2025-03-01,7901,3859,11760,148076,12.6
NL,2025-04-01,8947,3791,12738,160814,8.3
NL,2025-05-01,9525,4531,14056,174870,10.3
NL,2025-06-01,11786,5310,17096,191966,21.6
NL,2025-07-01,9151,4516,13667,205633,-20.1
NL,2025-08-01,8404,4267,12671,218304,-7.3
NL,2025-09-01,9244,4652,13896,232200,9.7
NL,2025-10-01,7995,3786,11781,243981,-15.2
NL,2025-11-01,6731,3774,10505,254486,-10.8
NL,2025-12-01,7390,3639,11029,265515,5.0
SE,2024-01-01,5039,2568,7607,7607,
SE,2024-02-01,6357,2871,9228,16835,21.3
SE,2024-03-01,5278,3115,8393,25228,-9.0
SE,2024-04-01,7172,3467,10639,35867,26.8
SE,2024-05-01,8683,3021,11704,47571,10.0
SE,2024-06-01,7643,3954,11597,59168,-0.9
SE,2024-07-01,7054,4249,11303,70471,-2.5
SE,2024-08-01,8100,3953,12053,82524,6.6
SE,2024-09-01,7148,3754,10902,93426,-9.5
SE,2024-10-01,7693,3397,11090,104516,1.7
SE,2024-11-01,6943,3276,10219,114735,-7.9
SE,2024-12-01,6334,3164,9498,124233,-7.1
SE,2025-01-01,7027,3450,10477,134710,10.3
SE,2025-02-01,8339,3325,11664,146374,11.3
SE,2025-03-01,8433,4484,12917,159291,10.7
SE,2025-04-01,8786,4107,12893,172184,-0.2
SE,2025-05-01,10174,5030,15204,187388,17.9
SE,2025-06-01,10397,5408,15805,203193,4.0
SE,2025-07-01,11113,5223,16336,219529,3.4
SE,2025-08-01,10525,5626,16151,235680,-1.1
SE,2025-09-01,9390,3772,13162,248842,-18.5
SE,2025-10-01,10143,4075,14218,263060,8.0
SE,2025-11-01,8679,4473,13152,276212,-7.5
SE,2025-12-01,7455,3621,11076,287288,-15.8
DK,2024-01-01,3430,1539,4969,4969,
DK,2024-02-01,3638,1758,5396,10365,8.6
DK,2024-03-01,3489,1811,5300,15665,-1.8
DK,2024-04-01,4194,1946,6140,21805,15.8
DK,2024-05-01,4595,2475,7070,28875,15.1
DK,2024-06-01,4563,2486,7049,35924,-0.3
DK,2024-07-01,4271,2260,6531,42455,-7.3
DK,2024-08-01,4871,2368,7239,49694,10.8
DK,2024-09-01,4838,2290,7128,56822,-1.5
DK,2024-10-01,4210,1962,6172,62994,-13.4
DK,2024-11-01,4451,1930,6381,69375,3.4
DK,2024-12-01,3733,1779,5512,74887,-13.6
DK,2025-01-01,4027,2127,6154,81041,11.6
DK,2025-02-01,4772,2343,7115,88156,15.6
DK,2025-03-01,5028,2480,7508,95664,5.5
DK,2025-04-01,5994,2620,8614,104278,14.7
DK,2025-05-01,6342,2727,9069,113347,5.3
DK,2025-06-01,6163,2896,9059,122406,-0.1
DK,2025-07-01,5747,3107,8854,131260,-2.3
DK,2025-08-01,5928,2901,8829,140089,-0.3
DK,2025-09-01,6058,2843,8901,148990,0.8
DK,2025-10-01,5786,2564,8350,157340,-6.2
DK,2025-11-01,5080,2458,7538,164878,-9.7
DK,2025-12-01,4520,2174,6694,171572,-11.2
PL,2024-01-01,3467,1656,5123,5123,
PL,2024-02-01,3801,1848,5649,10772,10.3
PL,2024-03-01,4815,1611,6426,17198,13.8
PL,2024-04-01,4664,2268,6932,24130,7.9
PL,2024-05-01,5247,2340,7587,31717,9.4
PL,2024-06-01,4597,2583,7180,38897,-5.4
PL,2024-07-01,6128,2222,8350,47247,16.3
PL,2024-08-01,5608,2403,8011,55258,-4.1
PL,2024-09-01,4969,2152,7121,62379,-11.1
PL,2024-10-01,4598,2454,7052,69431,-1.0
PL,2024-11-01,4755,2434,7189,76620,1.9
PL,2024-12-01,4963,2209,7172,83792,-0.2
PL,2025-01-01,5404,2310,7714,91506,7.6
PL,2025-02-01,5488,2364,7852,99358,1.8
PL,2025-03-01,5709,2523,8232,107590,4.8
PL,2025-04-01,6721,2654,9375,116965,13.9
PL,2025-05-01,7093,3093,10186,127151,8.7
PL,2025-06-01,7574,3454,11028,138179,8.3
PL,2025-07-01,7943,3453,11396,149575,3.3
PL,2025-08-01,5874,3145,9019,158594,-20.9
PL,2025-09-01,5768,2871,8639,167233,-4.2
PL,2025-10-01,6717,2964,9681,176914,12.1
PL,2025-11-01,5416,2480,7896,184810,-18.4
PL,2025-12-01,5716,2421,8137,192947,3.1
FR,2024-01-01,17148,8344,25492,25492,
FR,2024-02-01,19063,9326,28389,53881,11.4
FR,2024-03-01,24158,10607,34765,88646,22.5
FR,2024-04-01,24252,10602,34854,123500,0.3
FR,2024-05-01,22937,11979,34916,158416,0.2
FR,2024-06-01,27516,14844,42360,200776,21.3
FR,2024-07-01,28109,14120,42229,243005,-0.3
FR,2024-08-01,26019,11545,37564,280569,-11.0
FR,2024-09-01,23809,11437,35246,315815,-6.2
FR,2024-10-01,28569,10733,39302,355117,11.5
FR,2024-11-01,25052,10250,35302,390419,-10.2
FR,2024-12-01,25183,11368,36551,426970,3.5
FR,2025-01-01,24197,11493,35690,462660,-2.4
FR,2025-02-01,25203,12962,38165,500825,6.9
FR,2025-03-01,28275,12454,40729,541554,6.7
FR,2025-04-01,28888,15351,44239,585793,8.6
FR,2025-05-01,38845,16437,55282,641075,25.0
FR,2025-06-01,35441,17223,52664,693739,-4.7
FR,2025-07-01,39565,17153,56718,750457,7.7
FR,2025-08-01,33575,17783,51358,801815,-9.5
FR,2025-09-01,34012,17376,51388,853203,0.1
FR,2025-10-01,31418,13144,44562,897765,-13.3
FR,2025-11-01,26395,15790,42185,939950,-5.3
FR,2025-12-01,33519,13663,47182,987132,11.8
ES,2024-01-01,6348,3074,9422,9422,
ES,2024-02-01,8007,3386,11393,20815,20.9
ES,2024-03-01,8356,4476,12832,33647,12.6
ES,2024-04-01,9237,4738,13975,47622,8.9
ES,2024-05-01,9486,4745,14231,61853,1.8
ES,2024-06-01,9884,4897,14781,76634,3.9
ES,2024-07-01,11492,4367,15859,92493,7.3
ES,2024-08-01,10855,5030,15885,108378,0.2
ES,2024-09-01,9513,4156,13669,122047,-14.0
ES,2024-10-01,9504,4258,13762,135809,0.7
ES,2024-11-01,9257,4284,13541,149350,-1.6
ES,2024-12-01,10234,4187,14421,163771,6.5
ES,2025-01-01,8708,4527,13235,177006,-8.2
ES,2025-02-01,10476,5371,15847,192853,19.7
ES,2025-03-01,12117,5497,17614,210467,11.2
ES,2025-04-01,13914,5304,19218,229685,9.1
ES,2025-05-01,12667,5816,18483,248168,-3.8
ES,2025-06-01,13418,5800,19218,267386,4.0
ES,2025-07-01,14571,6409,20980,288366,9.2
ES,2025-08-01,11857,5810,17667,306033,-15.8
ES,2025-09-01,13048,6392,19440,325473,10.0
ES,2025-10-01,13900,6955,20855,346328,7.3
ES,2025-11-01,11853,4971,16824,363152,-19.3
ES,2025-12-01,9457,5480,14937,378089,-11.2
