country_code,city_key,month,sessions_count,total_energy_kwh,total_revenue_eur,avg_energy_kwh_per_session,avg_duration_min,active_stations
PL,warsaw,2024-01-01 00:00:00,305,5610.72,2015.20,18.4,27.0,10
DE,berlin,2024-02-01 00:00:00,215,3637.47,1885.71,16.92,25.6,10
PL,warsaw,2024-03-01 00:00:00,277,4863.31,1752.24,17.56,25.9,10
ES,madrid,2024-05-01 00:00:00,246,3769.22,1501.33,15.32,28.1,10
ES,madrid,2024-07-01 00:00:00,223,3687.46,1475.55,16.54,32.5,10
ES,madrid,2024-08-01 00:00:00,238,3402.33,1371.35,14.3,28.2,10
DE,berlin,2024-11-01 00:00:00,230,3972.65,2061.13,17.27,27.8,10
ES,madrid,2025-01-01 00:00:00,280,4354.58,1735.70,15.55,30.2,10
PL,warsaw,2025-06-01 00:00:00,274,4354.36,1559.74,15.89,19.2,10
ES,madrid,2025-11-01 00:00:00,202,3340.56,1329.08,16.54,34.6,10
FR,paris,2025-12-01 00:00:00,332,5832.16,2565.39,17.57,27.3,10
DK,copenhagen,2025-12-01 00:00:00,268,4216.71,2041.35,15.73,39.2,10
NO,oslo,2024-06-01 00:00:00,261,4326.20,1372.12,16.58,18.5,10
SE,stockholm,2024-06-01 00:00:00,214,3517.18,1329.09,16.44,25.9,10
ES,madrid,2024-09-01 00:00:00,249,3784.50,1509.43,15.2,33.3,10
PL,warsaw,2024-12-01 00:00:00,305,5455.87,1955.29,17.89,25.5,10
PL,warsaw,2025-03-01 00:00:00,309,5153.02,1857.47,16.68,20.1,10
ES,madrid,2025-04-01 00:00:00,227,3468.49,1386.38,15.28,28.8,10
PL,warsaw,2025-05-01 00:00:00,280,4601.40,1651.16,16.43,23.1,10
PL,warsaw,2025-08-01 00:00:00,262,4171.67,1506.10,15.92,22.9,10
DE,berlin,2025-10-01 00:00:00,187,3269.88,1702.24,17.49,24.5,10
NL,amsterdam,2025-12-01 00:00:00,251,4210.09,2097.21,16.77,29.4,10
NO,oslo,2024-01-01 00:00:00,322,6507.55,2082.41,20.21,21.5,10
SE,stockholm,2024-01-01 00:00:00,260,4846.63,1841.31,18.64,28.7,10
NO,oslo,2024-03-01 00:00:00,272,5029.57,1601.64,18.49,17.7,10
SE,stockholm,2024-03-01 00:00:00,253,4451.37,1697.75,17.59,24.9,10
FR,paris,2024-05-01 00:00:00,312,5120.70,2261.23,16.41,24.4,10
DK,copenhagen,2024-05-01 00:00:00,218,3170.05,1508.19,14.54,36.1,10
FR,paris,2024-07-01 00:00:00,315,5231.26,2294.79,16.61,21.1,10
DK,copenhagen,2024-07-01 00:00:00,244,3273.69,1570.54,13.42,31.9,10
FR,paris,2024-08-01 00:00:00,337,5623.24,2488.24,16.69,25.9,10
DK,copenhagen,2024-08-01 00:00:00,229,3466.16,1661.88,15.14,37.0,10
NL,amsterdam,2024-09-01 00:00:00,221,3360.57,1675.68,15.21,24.0,10
DE,berlin,2024-10-01 00:00:00,183,2948.14,1530.11,16.11,26.2,10
DK,copenhagen,2025-01-01 00:00:00,283,4543.56,2178.89,16.05,37.4,10
FR,paris,2025-01-01 00:00:00,354,6494.63,2857.13,18.35,26.6,10
NL,amsterdam,2025-04-01 00:00:00,200,3137.45,1570.23,15.69,30.5,10
SE,stockholm,2025-06-01 00:00:00,177,2653.63,1007.10,14.99,23.2,9
NO,oslo,2025-06-01 00:00:00,247,4126.71,1318.22,16.71,21.0,10
FR,paris,2025-11-01 00:00:00,332,5955.17,2620.01,17.94,25.5,10
DK,copenhagen,2025-11-01 00:00:00,257,4052.87,1939.18,15.77,40.3,10
ES,madrid,2025-12-01 00:00:00,252,3805.11,1511.80,15.1,28.9,10
FR,paris,2024-06-01 00:00:00,308,5037.79,2195.66,16.36,25.1,10
DK,copenhagen,2024-06-01 00:00:00,235,3471.69,1662.07,14.77,37.1,10
PL,warsaw,2024-09-01 00:00:00,292,4488.43,1604.72,15.37,19.6,10
ES,madrid,2024-12-01 00:00:00,243,3734.95,1486.57,15.37,29.8,10
ES,madrid,2025-03-01 00:00:00,255,3899.57,1553.69,15.29,31.1,10
PL,warsaw,2025-04-01 00:00:00,287,4762.98,1716.38,16.6,19.3,10
ES,madrid,2025-05-01 00:00:00,253,3816.04,1521.26,15.08,29.8,10
ES,madrid,2025-08-01 00:00:00,214,3411.17,1363.79,15.94,30.0,10
NL,amsterdam,2024-05-01 00:00:00,231,3869.01,1933.63,16.75,29.4,10
PL,warsaw,2024-06-01 00:00:00,265,4023.93,1428.50,15.18,21.6,10
NL,amsterdam,2024-07-01 00:00:00,212,3332.97,1663.89,15.72,31.2,10
NL,amsterdam,2024-08-01 00:00:00,213,3469.30,1731.16,16.29,28.9,10
FR,paris,2024-09-01 00:00:00,333,5761.23,2516.37,17.3,27.7,10
DK,copenhagen,2024-09-01 00:00:00,259,3970.07,1904.48,15.33,37.5,10
SE,stockholm,2024-12-01 00:00:00,257,4509.44,1708.68,17.55,26.7,10
NO,oslo,2024-12-01 00:00:00,300,5699.10,1821.10,19.0,19.7,10
NL,amsterdam,2025-01-01 00:00:00,230,4033.74,2025.75,17.54,33.7,10
SE,stockholm,2025-03-01 00:00:00,204,3491.33,1316.93,17.11,27.4,10
NO,oslo,2025-03-01 00:00:00,282,4792.63,1519.51,17.0,18.7,10
FR,paris,2025-04-01 00:00:00,317,4932.49,2178.48,15.56,23.7,10
DK,copenhagen,2025-04-01 00:00:00,248,3383.74,1625.01,13.64,34.5,10
NO,oslo,2025-05-01 00:00:00,266,4305.53,1377.14,16.19,16.2,10
SE,stockholm,2025-05-01 00:00:00,250,4045.67,1531.40,16.18,25.1,10
DE,berlin,2025-07-01 00:00:00,228,3762.73,1939.32,16.5,26.2,10
SE,stockholm,2025-08-01 00:00:00,194,2796.52,1065.81,14.42,26.6,10
NO,oslo,2025-08-01 00:00:00,260,4496.22,1435.41,17.29,16.0,10
NL,amsterdam,2025-11-01 00:00:00,220,3936.53,1964.28,17.89,33.5,10
NL,amsterdam,2024-01-01 00:00:00,266,4377.73,2178.71,16.46,31.7,10
NL,amsterdam,2024-03-01 00:00:00,214,3488.77,1741.52,16.3,28.8,10
DE,berlin,2024-04-01 00:00:00,253,4000.36,2069.86,15.81,26.2,10
ES,madrid,2024-06-01 00:00:00,229,3557.77,1417.67,15.54,31.7,10
SE,stockholm,2024-09-01 00:00:00,209,3575.42,1365.77,17.11,25.5,10
NO,oslo,2024-09-01 00:00:00,242,4032.72,1281.78,16.66,18.1,10
FR,paris,2024-12-01 00:00:00,339,6009.83,2646.38,17.73,25.4,10
DK,copenhagen,2024-12-01 00:00:00,260,4057.27,1951.27,15.6,38.4,10
FR,paris,2025-03-01 00:00:00,336,5611.86,2477.45,16.7,27.0,10
DK,copenhagen,2025-03-01 00:00:00,259,3866.52,1842.67,14.93,35.8,10
NO,oslo,2025-04-01 00:00:00,254,4253.76,1360.24,16.75,17.8,10
SE,stockholm,2025-04-01 00:00:00,229,3822.65,1451.66,16.69,25.9,10
DK,copenhagen,2025-05-01 00:00:00,231,3475.55,1661.57,15.05,36.0,10
FR,paris,2025-05-01 00:00:00,331,5295.93,2321.57,16.0,25.9,10
NL,amsterdam,2025-06-01 00:00:00,194,2865.73,1427.90,14.77,30.7,10
DK,copenhagen,2025-08-01 00:00:00,228,3193.15,1532.89,14.01,35.1,10
FR,paris,2025-08-01 00:00:00,319,5253.10,2320.40,16.47,24.3,10
FR,paris,2024-02-01 00:00:00,318,5413.47,2368.54,17.02,27.1,10
DK,copenhagen,2024-02-01 00:00:00,255,3865.20,1856.46,15.16,35.7,10
ES,madrid,2024-10-01 00:00:00,255,3755.94,1494.11,14.73,32.1,10
DK,copenhagen,2024-11-01 00:00:00,209,3224.57,1555.90,15.43,38.2,10
FR,paris,2024-11-01 00:00:00,313,5399.43,2362.02,17.25,25.9,10
PL,warsaw,2025-02-01 00:00:00,297,5222.89,1859.97,17.59,23.4,10
NO,oslo,2025-09-01 00:00:00,266,4566.81,1462.57,17.17,17.5,10
SE,stockholm,2025-09-01 00:00:00,209,3521.66,1340.80,16.85,23.9,10
NL,amsterdam,2025-10-01 00:00:00,207,3143.80,1567.97,15.19,30.5,10
DE,berlin,2025-12-01 00:00:00,228,4061.19,2121.74,17.81,26.9,10
NL,amsterdam,2024-02-01 00:00:00,205,3552.57,1785.80,17.33,32.9,9
PL,warsaw,2024-04-01 00:00:00,270,4341.59,1564.13,16.08,20.4,10
NL,amsterdam,2024-11-01 00:00:00,210,3500.39,1739.71,16.67,31.7,10
ES,madrid,2025-07-01 00:00:00,232,3514.80,1403.32,15.15,30.6,10
DK,copenhagen,2025-10-01 00:00:00,266,3760.71,1805.24,14.14,32.5,10
FR,paris,2025-10-01 00:00:00,331,5368.82,2372.37,16.22,22.4,10
DE,berlin,2024-01-01 00:00:00,242,4254.25,2195.99,17.58,22.0,10
PL,warsaw,2024-02-01 00:00:00,303,5074.92,1834.22,16.75,22.0,10
DE,berlin,2024-03-01 00:00:00,224,3673.28,1913.51,16.4,24.8,10
NL,amsterdam,2024-04-01 00:00:00,241,3908.59,1951.53,16.22,30.0,10
NO,oslo,2024-10-01 00:00:00,275,4607.17,1450.56,16.75,16.5,10
SE,stockholm,2024-10-01 00:00:00,217,3519.82,1330.11,16.22,27.1,10
PL,warsaw,2024-11-01 00:00:00,283,4745.40,1694.02,16.77,21.4,10
FR,paris,2025-02-01 00:00:00,297,5223.54,2292.46,17.59,24.2,10
DK,copenhagen,2025-02-01 00:00:00,233,3536.09,1700.55,15.18,37.9,10
DE,berlin,2025-06-01 00:00:00,205,3384.84,1754.21,16.51,25.0,10
ES,madrid,2025-09-01 00:00:00,237,3725.23,1482.34,15.72,26.3,10
FR,paris,2024-04-01 00:00:00,312,5610.43,2454.28,17.98,24.5,10
DK,copenhagen,2024-04-01 00:00:00,227,3517.58,1692.50,15.5,35.1,10
DE,berlin,2024-12-01 00:00:00,244,4242.80,2188.84,17.39,25.0,10
NL,amsterdam,2025-02-01 00:00:00,224,3876.77,1937.89,17.31,29.0,10
DE,berlin,2025-03-01 00:00:00,228,3993.19,2088.61,17.51,27.0,10
DE,berlin,2025-05-01 00:00:00,209,3121.15,1616.76,14.93,25.1,10
SE,stockholm,2025-07-01 00:00:00,209,3356.04,1268.48,16.06,22.2,10
NO,oslo,2025-07-01 00:00:00,260,4401.33,1392.95,16.93,18.7,10
DE,berlin,2025-08-01 00:00:00,183,2896.48,1516.07,15.83,33.8,10
PL,warsaw,2025-10-01 00:00:00,287,4544.88,1627.98,15.84,21.1,10
ES,madrid,2024-04-01 00:00:00,262,4025.43,1602.46,15.36,30.3,10
DE,berlin,2024-06-01 00:00:00,197,3332.65,1730.56,16.92,25.6,10
PL,warsaw,2025-07-01 00:00:00,308,5194.52,1864.15,16.87,22.2,10
NL,amsterdam,2025-09-01 00:00:00,230,3818.56,1909.16,16.6,33.2,10
NO,oslo,2025-10-01 00:00:00,258,4542.58,1442.59,17.61,22.0,10
SE,stockholm,2025-10-01 00:00:00,249,4017.46,1527.43,16.13,24.3,10
SE,stockholm,2024-02-01 00:00:00,246,4282.81,1631.66,17.41,26.7,10
NO,oslo,2024-02-01 00:00:00,278,5229.43,1662.56,18.81,19.1,10
PL,warsaw,2024-10-01 00:00:00,283,4511.95,1623.26,15.94,21.5,10
NO,oslo,2024-11-01 00:00:00,300,5667.80,1810.07,18.89,18.7,10
SE,stockholm,2024-11-01 00:00:00,244,4802.32,1828.13,19.68,30.1,9
ES,madrid,2025-02-01 00:00:00,225,3673.49,1468.10,16.33,29.3,10
DK,copenhagen,2025-09-01 00:00:00,254,3889.88,1879.37,15.31,39.3,10
FR,paris,2025-09-01 00:00:00,302,4941.48,2183.02,16.36,23.2,10
ES,madrid,2024-02-01 00:00:00,245,4131.31,1654.29,16.86,30.7,10
DE,berlin,2024-05-01 00:00:00,206,3253.23,1695.58,15.79,26.1,10
DE,berlin,2024-07-01 00:00:00,210,3427.50,1768.34,16.32,24.8,10
DE,berlin,2024-08-01 00:00:00,236,3884.03,2005.53,16.46,27.8,10
FR,paris,2024-10-01 00:00:00,301,5052.08,2213.75,16.78,21.4,10
DK,copenhagen,2024-10-01 00:00:00,257,4020.52,1939.89,15.64,37.2,10
ES,madrid,2024-11-01 00:00:00,267,4103.37,1638.94,15.37,28.0,10
DE,berlin,2025-01-01 00:00:00,232,4271.21,2226.16,18.41,31.7,10
SE,stockholm,2025-02-01 00:00:00,216,3947.12,1497.49,18.27,27.3,10
NO,oslo,2025-02-01 00:00:00,267,4914.29,1559.97,18.41,20.3,10
NL,amsterdam,2025-07-01 00:00:00,258,4471.16,2245.88,17.33,34.4,10
PL,warsaw,2025-09-01 00:00:00,283,4325.15,1549.35,15.28,21.6,10
DE,berlin,2025-11-01 00:00:00,214,3970.15,2062.01,18.55,24.9,10
FR,paris,2024-01-01 00:00:00,387,6265.82,2745.42,16.19,21.3,10
DK,copenhagen,2024-01-01 00:00:00,257,4103.01,1975.64,15.97,36.7,10
DK,copenhagen,2024-03-01 00:00:00,227,3671.60,1757.57,16.17,36.3,10
FR,paris,2024-03-01 00:00:00,349,5870.67,2576.60,16.82,25.0,10
SE,stockholm,2024-05-01 00:00:00,216,3342.20,1264.56,15.47,24.7,10
NO,oslo,2024-05-01 00:00:00,263,4339.51,1388.38,16.5,17.7,10
SE,stockholm,2024-07-01 00:00:00,211,3549.58,1351.51,16.82,24.5,10
NO,oslo,2024-07-01 00:00:00,241,4292.90,1367.45,17.81,21.0,10
NO,oslo,2024-08-01 00:00:00,278,4612.23,1461.12,16.59,18.1,10
SE,stockholm,2024-08-01 00:00:00,197,2907.33,1106.45,14.76,22.8,9
NL,amsterdam,2024-12-01 00:00:00,209,3460.76,1732.71,16.56,28.1,10
NO,oslo,2025-01-01 00:00:00,336,6448.74,2056.11,19.19,21.1,10
SE,stockholm,2025-01-01 00:00:00,259,4747.58,1804.27,18.33,27.7,10
DE,berlin,2025-02-01 00:00:00,202,3603.14,1871.33,17.84,31.3,10
NL,amsterdam,2025-03-01 00:00:00,238,3962.86,1974.01,16.65,29.0,9
NL,amsterdam,2025-05-01 00:00:00,227,3626.17,1826.30,15.97,27.5,10
DK,copenhagen,2025-06-01 00:00:00,241,3267.51,1574.80,13.56,31.5,10
FR,paris,2025-06-01 00:00:00,315,5277.49,2317.07,16.75,23.8,10
NL,amsterdam,2025-08-01 00:00:00,233,3534.53,1767.61,15.17,26.3,10
NO,oslo,2025-11-01 00:00:00,269,4987.64,1585.69,18.54,16.2,10
SE,stockholm,2025-11-01 00:00:00,235,4223.91,1603.28,17.97,26.8,10
PL,warsaw,2025-12-01 00:00:00,314,5845.72,2104.90,18.62,22.3,10
SE,stockholm,2024-04-01 00:00:00,211,3566.32,1362.79,16.9,27.0,10
NO,oslo,2024-04-01 00:00:00,265,4705.90,1502.09,17.76,16.7,10
DE,berlin,2024-09-01 00:00:00,208,3287.46,1707.63,15.81,24.1,10
NL,amsterdam,2024-10-01 00:00:00,219,3710.48,1854.04,16.94,29.1,10
DE,berlin,2025-04-01 00:00:00,224,3485.69,1808.28,15.56,24.9,10
FR,paris,2025-07-01 00:00:00,319,5211.19,2286.99,16.34,23.9,10
DK,copenhagen,2025-07-01 00:00:00,254,3683.06,1757.66,14.5,35.4,10
ES,madrid,2025-10-01 00:00:00,229,3609.10,1434.98,15.76,33.0,10
ES,madrid,2024-01-01 00:00:00,252,3756.93,1496.68,14.91,32.0,10
ES,madrid,2024-03-01 00:00:00,249,3938.16,1569.86,15.82,31.5,10
PL,warsaw,2024-05-01 00:00:00,301,4815.23,1733.47,16.0,22.9,10
NL,amsterdam,2024-06-01 00:00:00,228,3620.59,1813.79,15.88,31.3,10
PL,warsaw,2024-07-01 00:00:00,308,4728.37,1696.40,15.35,22.9,10
PL,warsaw,2024-08-01 00:00:00,281,4201.66,1504.04,14.95,22.5,10
PL,warsaw,2025-01-01 00:00:00,328,5680.88,2048.37,17.32,22.4,10
ES,madrid,2025-06-01 00:00:00,248,3676.33,1465.38,14.82,30.9,10
DE,berlin,2025-09-01 00:00:00,189,3110.83,1612.86,16.46,28.9,10
PL,warsaw,2025-11-01 00:00:00,269,4661.05,1669.43,17.33,24.9,10
NO,oslo,2025-12-01 00:00:00,295,5419.76,1726.94,18.37,19.9,10
SE,stockholm,2025-12-01 00:00:00,270,4670.96,1775.04,17.3,27.7,10
