station_id,city_name,session_date,utilization_rate,z_utilization
OSLO-008,Oslo,2024-01-19,0.0315,9.020220346230603
OSLO-009,Oslo,2025-01-20,0.0553,7.886533474200516
PARIS-008,Paris,2024-06-06,0.0333,7.319663490600826
MADRID-007,Madrid,2025-05-28,0.0503,6.65278454771259
WARSAW-005,Warsaw,2024-01-13,0.0436,6.580387561500324
COPENHAGEN-005,Copenhagen,2025-11-22,0.1034,6.5338735299587025
MADRID-008,Madrid,2025-03-02,0.0761,6.371910427849133
WARSAW-005,Warsaw,2024-07-31,0.0423,6.344340839818035
COPENHAGEN-001,Copenhagen,2025-11-19,0.1005,6.239290148346987
PARIS-003,Paris,2025-02-19,0.0156,6.208265178438961
WARSAW-003,Warsaw,2024-09-06,0.022,6.133478239130907
PARIS-002,Paris,2025-03-11,0.086,6.02980749012504
COPENHAGEN-007,Copenhagen,2025-03-14,0.0304,5.887005100937061
AMSTERDAM-007,Amsterdam,2025-03-12,0.0756,5.804371357896796
AMSTERDAM-001,Amsterdam,2025-01-04,0.038,5.7794161164840165
MADRID-006,Madrid,2024-01-19,0.1472,5.639880196924833
MADRID-002,Madrid,2025-11-21,0.0707,5.58698631439846
COPENHAGEN-006,Copenhagen,2024-04-03,0.0347,5.585913792906788
WARSAW-002,Warsaw,2024-05-21,0.0516,5.529106865559328
MADRID-008,Madrid,2024-02-26,0.0675,5.506150122869297
COPENHAGEN-004,Copenhagen,2024-02-06,0.0351,5.47124429909002
AMSTERDAM-010,Amsterdam,2024-08-12,0.0552,5.3223777034786375
WARSAW-006,Warsaw,2025-07-24,0.0133,5.260377403246212
OSLO-008,Oslo,2024-01-09,0.02,5.254073745747615
PARIS-007,Paris,2024-02-22,0.0632,5.2244782419254765
WARSAW-001,Warsaw,2024-01-05,0.0139,5.203573400150603
MADRID-009,Madrid,2024-03-03,0.0133,5.202794576415929
WARSAW-003,Warsaw,2024-05-29,0.0194,5.188887661367612
BERLIN-007,Berlin,2025-02-10,0.1021,5.169815608838133
COPENHAGEN-010,Copenhagen,2024-04-01,0.0442,5.12231059354644
OSLO-002,Oslo,2024-03-07,0.0965,5.103441100511561
OSLO-003,Oslo,2025-01-14,0.0094,5.078331683891647
BERLIN-008,Berlin,2024-07-14,0.0924,5.06598972754197
COPENHAGEN-007,Copenhagen,2025-02-10,0.0269,5.048467925461834
MADRID-005,Madrid,2024-07-22,0.0359,4.999111942416826
AMSTERDAM-010,Amsterdam,2024-01-17,0.0521,4.944390220165969
AMSTERDAM-001,Amsterdam,2024-09-24,0.0335,4.9364534055366285
COPENHAGEN-009,Copenhagen,2024-11-24,0.0322,4.853458919557354
MADRID-009,Madrid,2025-10-26,0.0126,4.839279130497846
OSLO-005,Oslo,2024-11-28,0.0529,4.83109076843279
WARSAW-007,Warsaw,2025-12-05,0.0129,4.812259850315642
WARSAW-006,Warsaw,2025-02-18,0.0124,4.800712490477444
PARIS-002,Paris,2024-09-26,0.0713,4.787422135527457
MADRID-009,Madrid,2024-11-08,0.0125,4.787348352509548
BERLIN-005,Berlin,2024-01-08,0.0179,4.783085391730606
AMSTERDAM-001,Amsterdam,2024-09-25,0.0326,4.76786086334715
STOCKHOLM-003,Stockholm,2024-02-12,0.0331,4.726056904429995
MADRID-007,Madrid,2024-06-09,0.038,4.698733763819165
STOCKHOLM-009,Stockholm,2024-01-30,0.0292,4.6916938384956515
STOCKHOLM-004,Stockholm,2024-11-11,0.0438,4.666133412748644
STOCKHOLM-004,Stockholm,2024-02-12,0.0438,4.666133412748644
BERLIN-003,Berlin,2024-05-18,0.0878,4.6465735109974124
PARIS-009,Paris,2025-04-23,0.0117,4.616052243727114
AMSTERDAM-003,Amsterdam,2024-08-19,0.0122,4.605454144057354
BERLIN-008,Berlin,2025-11-26,0.0857,4.6026662832606675
MADRID-007,Madrid,2025-01-19,0.0373,4.587527621646369
OSLO-006,Oslo,2024-12-03,0.0302,4.585466159408751
WARSAW-007,Warsaw,2025-12-24,0.0124,4.56788878542977
WARSAW-010,Warsaw,2024-12-12,0.0311,4.562317845719323
MADRID-007,Madrid,2025-10-25,0.0371,4.555754438168427
COPENHAGEN-007,Copenhagen,2024-10-02,0.0248,4.545345620176698
AMSTERDAM-003,Amsterdam,2025-01-23,0.012,4.505578520088555
WARSAW-003,Warsaw,2024-11-20,0.0175,4.498609931463664
COPENHAGEN-001,Copenhagen,2025-04-08,0.0771,4.475144789485187
OSLO-005,Oslo,2024-04-25,0.0498,4.467931400239487
AMSTERDAM-008,Amsterdam,2024-06-18,0.0823,4.448955799880188
MADRID-004,Madrid,2024-09-11,0.0161,4.444480761107864
STOCKHOLM-009,Stockholm,2024-09-11,0.028,4.441815344608281
AMSTERDAM-002,Amsterdam,2024-06-07,0.0713,4.441722178968615
OSLO-010,Oslo,2024-06-21,0.1142,4.429812556327254
COPENHAGEN-006,Copenhagen,2024-02-23,0.0289,4.420574618753203
AMSTERDAM-009,Amsterdam,2025-07-27,0.0713,4.389649829570963
STOCKHOLM-010,Stockholm,2025-01-17,0.0311,4.37984701977837
WARSAW-010,Warsaw,2025-07-01,0.0301,4.37202695280408
WARSAW-008,Warsaw,2025-03-06,0.0682,4.333715400927985
AMSTERDAM-009,Amsterdam,2025-05-26,0.0705,4.324535015024438
STOCKHOLM-010,Stockholm,2024-01-03,0.0307,4.305547913215098
COPENHAGEN-006,Copenhagen,2024-10-07,0.0282,4.2799302356657005
AMSTERDAM-001,Amsterdam,2024-06-11,0.0299,4.262083236778718
PARIS-006,Paris,2025-11-01,0.023,4.238942173196623
PARIS-003,Paris,2025-12-26,0.0116,4.233530249136406
AMSTERDAM-004,Amsterdam,2024-02-14,0.0234,4.2212253065274306
STOCKHOLM-003,Stockholm,2024-10-11,0.0303,4.21139468222517
WARSAW-001,Warsaw,2025-05-29,0.0119,4.210060871383485
BERLIN-004,Berlin,2025-11-18,0.0106,4.208990589266168
STOCKHOLM-004,Stockholm,2025-09-19,0.0403,4.198721289741537
MADRID-002,Madrid,2024-03-27,0.0564,4.197675341951522
STOCKHOLM-006,Stockholm,2025-10-02,0.0481,4.179627178749523
PARIS-001,Paris,2025-11-20,0.0133,4.17936241346525
WARSAW-003,Warsaw,2025-05-15,0.0166,4.1716362699302145
COPENHAGEN-002,Copenhagen,2024-11-07,0.0231,4.147373079272665
OSLO-008,Oslo,2024-01-13,0.0166,4.1406043160396
STOCKHOLM-007,Stockholm,2024-12-23,0.0289,4.1287581056974645
WARSAW-007,Warsaw,2025-02-19,0.0115,4.128020868635199
COPENHAGEN-002,Copenhagen,2025-06-29,0.023,4.123207011543408
AMSTERDAM-006,Amsterdam,2025-11-05,0.037,4.12230526887728
STOCKHOLM-006,Stockholm,2025-11-01,0.0475,4.110755178451374
STOCKHOLM-004,Stockholm,2025-07-03,0.0395,4.091884233054199
PARIS-003,Paris,2024-07-02,0.0113,4.085425129438713
BERLIN-010,Berlin,2024-12-20,0.0246,4.084837121665027
OSLO-008,Oslo,2025-08-25,0.0164,4.075106114292071
MADRID-002,Madrid,2025-06-10,0.0551,4.071374344456347
PARIS-006,Paris,2025-12-20,0.0223,4.06715821429703
STOCKHOLM-008,Stockholm,2025-01-20,0.0128,4.062236893026073
BERLIN-009,Berlin,2025-01-09,0.1195,4.061333393807483
PARIS-008,Paris,2024-01-05,0.0208,4.055069677854473
AMSTERDAM-010,Amsterdam,2024-02-15,0.0448,4.054290662687751
BERLIN-010,Berlin,2025-12-29,0.0244,4.040429567193713
PARIS-009,Paris,2025-06-09,0.0106,4.036862111253749
COPENHAGEN-008,Copenhagen,2024-10-01,0.0368,4.0274339818372225
BERLIN-010,Berlin,2024-12-29,0.0243,4.018225789958055
BERLIN-007,Berlin,2024-05-08,0.0835,4.006225880456687
OSLO-009,Oslo,2024-01-13,0.0321,4.001503132495774
MADRID-005,Madrid,2024-12-16,0.0303,3.996481242782382
STOCKHOLM-004,Stockholm,2024-08-08,0.0386,3.9716925442809434
MADRID-007,Madrid,2024-07-24,0.0334,3.9679505438265026
BERLIN-004,Berlin,2025-12-05,0.0101,3.9369469681988805
WARSAW-007,Warsaw,2025-10-28,0.0111,3.932524016726502
WARSAW-007,Warsaw,2025-06-15,0.0111,3.932524016726502
COPENHAGEN-004,Copenhagen,2025-01-01,0.0272,3.9259160916244795
MADRID-001,Madrid,2024-06-18,0.01,3.9258951532723545
MADRID-005,Madrid,2025-10-08,0.0299,3.9248647642370633
PARIS-006,Paris,2025-06-25,0.0217,3.919914820954521
STOCKHOLM-003,Stockholm,2025-01-03,0.0287,3.917301983822412
AMSTERDAM-006,Amsterdam,2024-11-11,0.0356,3.911762646722464
BERLIN-009,Berlin,2024-07-30,0.1162,3.9097650921577567
PARIS-003,Paris,2025-08-01,0.0109,3.887951636508459
COPENHAGEN-009,Copenhagen,2024-08-20,0.0272,3.8856597077866564
STOCKHOLM-003,Stockholm,2024-06-29,0.0285,3.880540396522068
AMSTERDAM-002,Amsterdam,2025-07-15,0.0643,3.8703216308043964
COPENHAGEN-010,Copenhagen,2024-01-24,0.0357,3.8680583095257712
STOCKHOLM-003,Stockholm,2024-01-24,0.0284,3.8621596028718956
COPENHAGEN-004,Copenhagen,2025-12-13,0.0268,3.847671625423693
COPENHAGEN-008,Copenhagen,2025-09-26,0.0355,3.839442905646692
PARIS-003,Paris,2025-11-18,0.0108,3.8385832632758947
STOCKHOLM-007,Stockholm,2024-12-05,0.0274,3.8335773133210944
PARIS-010,Paris,2025-06-13,0.0405,3.829879686879585
STOCKHOLM-006,Stockholm,2025-12-09,0.045,3.823788510542416
MADRID-001,Madrid,2024-02-06,0.0098,3.816664160911355
WARSAW-004,Warsaw,2024-03-05,0.0641,3.8121467415510057
BERLIN-002,Berlin,2025-05-06,0.0294,3.783909679871479
STOCKHOLM-006,Stockholm,2025-12-20,0.0445,3.766395176960624
AMSTERDAM-004,Amsterdam,2025-08-07,0.0215,3.7636154310939496
PARIS-004,Paris,2024-05-20,0.0518,3.761902519272198
OSLO-003,Oslo,2024-11-25,0.0076,3.7538464813148114
COPENHAGEN-006,Copenhagen,2025-11-14,0.0255,3.73744475804248
WARSAW-007,Warsaw,2025-05-09,0.0107,3.7370271648178033
WARSAW-010,Warsaw,2024-01-14,0.0267,3.7250379168922554
STOCKHOLM-001,Stockholm,2025-01-09,0.1043,3.723702532135107
BERLIN-004,Berlin,2025-06-13,0.0097,3.7193120713450507
MADRID-008,Madrid,2025-11-07,0.0497,3.7142276311668443
COPENHAGEN-005,Copenhagen,2025-04-09,0.0655,3.711452937017518
OSLO-006,Oslo,2024-07-17,0.0258,3.7077382398649603
AMSTERDAM-003,Amsterdam,2024-09-02,0.0104,3.7065735283381622
WARSAW-003,Warsaw,2025-12-06,0.0153,3.699340981048565
AMSTERDAM-004,Amsterdam,2025-11-20,0.0212,3.6913612402360316
PARIS-003,Paris,2024-01-19,0.0105,3.6904781435782033
PARIS-008,Paris,2024-05-31,0.0194,3.6894351708268815
WARSAW-002,Warsaw,2024-02-02,0.0376,3.6864036216362193
PARIS-005,Paris,2025-04-22,0.1085,3.684528234040345
MADRID-002,Madrid,2025-03-29,0.0511,3.682755890625035
OSLO-003,Oslo,2025-01-01,0.0075,3.6802639700605426
BERLIN-001,Berlin,2024-11-13,0.0395,3.6765592103860043
OSLO-001,Oslo,2025-02-16,0.0438,3.6751895783266937
STOCKHOLM-010,Stockholm,2025-02-12,0.0273,3.674005507427283
AMSTERDAM-006,Amsterdam,2024-05-20,0.034,3.6711425071169597
AMSTERDAM-002,Amsterdam,2024-01-19,0.0618,3.6662500064600327
BERLIN-004,Berlin,2024-04-16,0.0096,3.6649033471315926
MADRID-002,Madrid,2025-04-21,0.0509,3.663324967933469
PARIS-010,Paris,2025-08-13,0.0392,3.661965228714477
STOCKHOLM-002,Stockholm,2024-04-12,0.1842,3.659746423781189
AMSTERDAM-002,Amsterdam,2025-07-22,0.0617,3.658087141486258
COPENHAGEN-003,Copenhagen,2025-07-17,0.0642,3.6498898408532683
COPENHAGEN-009,Copenhagen,2024-12-11,0.0259,3.6340319127262743
WARSAW-002,Warsaw,2024-02-16,0.0372,3.63375495752413
WARSAW-006,Warsaw,2025-03-20,0.0101,3.626013268957261
WARSAW-008,Warsaw,2024-06-25,0.0597,3.6220958818805316
PARIS-009,Paris,2024-12-12,0.0098,3.615632924000393
PARIS-008,Paris,2025-02-02,0.0191,3.6110849193209686
MADRID-001,Madrid,2024-05-07,0.0094,3.5982021761893583
MADRID-001,Madrid,2025-05-22,0.0094,3.5982021761893583
PARIS-002,Paris,2025-08-08,0.0572,3.5957463872399775
COPENHAGEN-008,Copenhagen,2025-01-15,0.0338,3.593608421397537
STOCKHOLM-008,Stockholm,2024-03-22,0.0117,3.5900484660170293
STOCKHOLM-003,Stockholm,2025-11-19,0.0269,3.58644769811931
OSLO-008,Oslo,2024-01-02,0.0149,3.5838696011855937
PARIS-005,Paris,2024-08-19,0.1062,3.576036876331487
WARSAW-005,Warsaw,2024-05-20,0.027,3.566252500018815
COPENHAGEN-008,Copenhagen,2025-05-31,0.0336,3.564686717368225
OSLO-001,Oslo,2024-11-04,0.0428,3.560260352015088
BERLIN-004,Berlin,2024-12-10,0.0094,3.556085898704678
OSLO-008,Oslo,2025-01-24,0.0148,3.551120500311829
OSLO-002,Oslo,2025-12-14,0.0735,3.5492130364265853
COPENHAGEN-010,Copenhagen,2024-12-26,0.0335,3.5434283066027743
COPENHAGEN-010,Copenhagen,2024-10-22,0.0335,3.5434283066027743
PARIS-008,Paris,2024-12-20,0.0188,3.5327346678150566
AMSTERDAM-004,Amsterdam,2024-06-05,0.0205,3.5227681282342234
PARIS-009,Paris,2025-12-26,0.0096,3.5103256271870533
MADRID-002,Madrid,2025-05-08,0.0493,3.5078775864009444
PARIS-001,Paris,2024-11-20,0.0117,3.4979589546946612
MADRID-009,Madrid,2024-06-20,0.01,3.4890789028021083
MADRID-001,Madrid,2025-07-28,0.0092,3.488971183828359
AMSTERDAM-009,Amsterdam,2025-01-23,0.0602,3.4861817777379356
AMSTERDAM-004,Amsterdam,2024-02-15,0.0203,3.4745986676622773
COPENHAGEN-002,Copenhagen,2024-04-24,0.0203,3.4707231828534617
STOCKHOLM-010,Stockholm,2025-01-07,0.0262,3.469682964378284
WARSAW-001,Warsaw,2024-12-06,0.0104,3.4649264748081454
BERLIN-005,Berlin,2024-12-06,0.0144,3.4631285732002497
BERLIN-006,Berlin,2025-07-01,0.1034,3.458851584653242
PARIS-009,Paris,2025-07-30,0.0095,3.4576719787803842
PARIS-009,Paris,2025-12-31,0.0095,3.4576719787803842
PARIS-009,Paris,2025-06-29,0.0095,3.4576719787803842
BERLIN-004,Berlin,2024-04-23,0.0092,3.4472684502777633
BERLIN-002,Berlin,2025-12-18,0.0275,3.443317771162386
STOCKHOLM-005,Stockholm,2024-04-21,0.0897,3.442988229975287
BERLIN-001,Berlin,2024-10-25,0.0377,3.442733606187505
BERLIN-010,Berlin,2024-04-16,0.0217,3.440927581830972
BERLIN-010,Berlin,2024-01-10,0.0217,3.440927581830972
WARSAW-010,Warsaw,2025-03-17,0.0252,3.4396015775193916
MADRID-009,Madrid,2024-12-18,0.0099,3.437148124813811
OSLO-005,Oslo,2025-10-29,0.041,3.4370273873036616
COPENHAGEN-006,Copenhagen,2024-09-20,0.024,3.4360639371406907
COPENHAGEN-008,Copenhagen,2024-04-27,0.0327,3.43453904923632
MADRID-001,Madrid,2025-05-26,0.0091,3.43435568764786
WARSAW-002,Warsaw,2025-12-25,0.0356,3.4231603010757747
PARIS-007,Paris,2025-01-22,0.0463,3.4208970093441162
STOCKHOLM-008,Stockholm,2024-11-22,0.0113,3.418343583468286
BERLIN-009,Berlin,2024-06-12,0.1055,3.4183163565056134
BERLIN-002,Berlin,2024-08-05,0.0273,3.407465991298271
AMSTERDAM-003,Amsterdam,2024-05-06,0.0098,3.406946656431765
MADRID-005,Madrid,2025-04-22,0.027,3.405645294783512
STOCKHOLM-007,Stockholm,2024-03-18,0.0252,3.400645484502417
OSLO-009,Oslo,2025-10-28,0.0285,3.3986535967140044
PARIS-005,Paris,2024-05-12,0.1024,3.396790285334243
BERLIN-004,Berlin,2024-02-09,0.0091,3.392859726064306
BERLIN-002,Berlin,2024-04-11,0.0272,3.389540101366213
AMSTERDAM-002,Amsterdam,2024-02-04,0.0584,3.388712597351698
PARIS-008,Paris,2024-06-24,0.0182,3.3760341648032317
PARIS-001,Paris,2025-04-11,0.0114,3.370195806175177
WARSAW-005,Warsaw,2024-01-25,0.0259,3.3665206585953418
STOCKHOLM-007,Stockholm,2024-04-16,0.025,3.361288045518901
BERLIN-003,Berlin,2024-12-29,0.0691,3.360846641242875
PARIS-006,Paris,2025-09-03,0.0194,3.355481813141571
AMSTERDAM-006,Amsterdam,2024-01-10,0.0319,3.355328573884734
MADRID-008,Madrid,2025-10-27,0.0461,3.351816340710168
WARSAW-007,Warsaw,2024-04-23,0.0099,3.346033461000408
PARIS-003,Paris,2024-04-15,0.0098,3.3448995309502556
STOCKHOLM-004,Stockholm,2025-12-03,0.0339,3.344024836242829
AMSTERDAM-006,Amsterdam,2025-04-21,0.0318,3.3402898151593905
PARIS-001,Paris,2025-05-01,0.0113,3.327608090002014
COPENHAGEN-009,Copenhagen,2025-12-04,0.0243,3.324336164959652
STOCKHOLM-010,Stockholm,2025-06-14,0.0254,3.321084751251739
WARSAW-006,Warsaw,2025-12-24,0.0095,3.319569993778083
COPENHAGEN-008,Copenhagen,2024-06-16,0.0319,3.3188522331190704
WARSAW-001,Warsaw,2025-09-01,0.0101,3.315899595493078
OSLO-003,Oslo,2025-05-23,0.007,3.3123514137892
BERLIN-010,Berlin,2024-07-23,0.0211,3.3077049184170297
AMSTERDAM-003,Amsterdam,2024-03-07,0.0096,3.3070710324629657
COPENHAGEN-001,Copenhagen,2025-12-04,0.0616,3.3065869663074996
PARIS-006,Paris,2025-12-04,0.0192,3.3064006820274012
OSLO-007,Oslo,2024-10-18,0.0524,3.3061300927318897
COPENHAGEN-009,Copenhagen,2025-11-18,0.0242,3.3049801807242374
STOCKHOLM-007,Stockholm,2024-12-09,0.0247,3.3022518870436266
PARIS-002,Paris,2024-02-05,0.0537,3.2999403504310285
COPENHAGEN-001,Copenhagen,2025-11-23,0.0615,3.2990478835773205
PARIS-003,Paris,2025-05-12,0.0097,3.295531157717692
STOCKHOLM-008,Stockholm,2024-01-02,0.011,3.2895649215567286
BERLIN-010,Berlin,2025-03-09,0.021,3.285501141181373
PARIS-001,Paris,2024-05-23,0.0112,3.285020373828853
BERLIN-002,Berlin,2024-02-01,0.0266,3.281984761773867
MADRID-005,Madrid,2024-10-08,0.0263,3.2803164573292065
BERLIN-005,Berlin,2024-06-05,0.0139,3.2745633134101984
BERLIN-007,Berlin,2024-12-03,0.0718,3.274290406152228
PARIS-008,Paris,2024-03-21,0.0178,3.2715671627953484
STOCKHOLM-004,Stockholm,2025-05-15,0.0333,3.2638970437273254
STOCKHOLM-006,Stockholm,2024-07-22,0.0401,3.2613338414408584
STOCKHOLM-009,Stockholm,2025-10-30,0.0223,3.2548924986432675
STOCKHOLM-009,Stockholm,2024-11-23,0.0223,3.2548924986432675
COPENHAGEN-007,Copenhagen,2024-09-09,0.0194,3.2516025494434913
COPENHAGEN-007,Copenhagen,2025-01-16,0.0194,3.2516025494434913
OSLO-006,Oslo,2024-06-27,0.0235,3.2489259182852517
PARIS-008,Paris,2024-05-28,0.0177,3.2454504122933776
BERLIN-010,Berlin,2024-03-12,0.0208,3.241093586710058
BERLIN-005,Berlin,2025-12-30,0.0138,3.2368502614521883
COPENHAGEN-002,Copenhagen,2024-04-02,0.0193,3.22906250556089
COPENHAGEN-004,Copenhagen,2025-02-14,0.0236,3.221715895817398
WARSAW-006,Warsaw,2024-08-05,0.0093,3.217422235385023
OSLO-009,Oslo,2025-01-15,0.0274,3.2144495718917967
OSLO-009,Oslo,2024-10-18,0.0274,3.2144495718917967
AMSTERDAM-003,Amsterdam,2025-02-04,0.0094,3.207195408494167
OSLO-004,Oslo,2024-09-05,0.0985,3.2048667396490247
COPENHAGEN-004,Copenhagen,2025-11-26,0.0235,3.2021547792672016
MADRID-004,Madrid,2025-07-04,0.0128,3.2019518523820585
STOCKHOLM-005,Stockholm,2025-12-16,0.0854,3.200006635993624
WARSAW-007,Warsaw,2024-03-25,0.0096,3.1994108220688835
BERLIN-010,Berlin,2024-07-25,0.0206,3.1966860322387443
OSLO-005,Oslo,2024-09-03,0.0389,3.191016202398521
AMSTERDAM-008,Amsterdam,2024-05-09,0.0645,3.1798021062743698
MADRID-009,Madrid,2024-02-02,0.0094,3.1774942348723227
MADRID-009,Madrid,2025-01-14,0.0094,3.1774942348723227
AMSTERDAM-007,Amsterdam,2024-05-13,0.0486,3.1701932375692112
OSLO-001,Oslo,2024-01-19,0.0394,3.1695009825556286
MADRID-004,Madrid,2025-04-11,0.0127,3.1642994612085493
STOCKHOLM-003,Stockholm,2024-10-04,0.0246,3.1636894441653465
PARIS-006,Paris,2025-08-28,0.0186,3.1591572886848924
MADRID-005,Madrid,2025-01-31,0.0256,3.1549876198749014
WARSAW-003,Warsaw,2025-12-26,0.0138,3.1543848784928175
WARSAW-010,Warsaw,2024-03-27,0.0237,3.1541652381465273
STOCKHOLM-009,Stockholm,2024-12-17,0.0218,3.1507764595235295
COPENHAGEN-010,Copenhagen,2025-08-27,0.0308,3.1450187575609148
STOCKHOLM-004,Stockholm,2024-03-24,0.0324,3.143705354954069
OSLO-001,Oslo,2025-05-05,0.0391,3.135022214662148
BERLIN-010,Berlin,2025-10-24,0.0203,3.130074700531773
MADRID-004,Madrid,2024-08-12,0.0126,3.12664707003504
MADRID-009,Madrid,2025-08-07,0.0093,3.1255634568840245
BERLIN-005,Berlin,2024-09-26,0.0135,3.123711105578158
WARSAW-002,Warsaw,2025-10-09,0.0333,3.1204304824312645
OSLO-010,Oslo,2025-03-25,0.0895,3.1173535978243856
STOCKHOLM-010,Stockholm,2025-09-27,0.0243,3.11676220820274
WARSAW-006,Warsaw,2025-02-26,0.0091,3.1152744769919645
WARSAW-006,Warsaw,2025-12-18,0.0091,3.1152744769919645
PARIS-001,Paris,2024-09-02,0.0108,3.114669509136206
PARIS-001,Paris,2024-08-14,0.0108,3.114669509136206
OSLO-009,Oslo,2024-06-06,0.0268,3.1139746492615017
COPENHAGEN-007,Copenhagen,2024-10-07,0.0188,3.107853319362024
WARSAW-002,Warsaw,2024-07-17,0.0332,3.107268316403242
MADRID-001,Madrid,2025-04-21,0.0085,3.106662710564864
BERLIN-001,Berlin,2024-02-12,0.0351,3.1049855112341174
OSLO-001,Oslo,2024-05-30,0.0388,3.1005434467686657
OSLO-008,Oslo,2024-01-26,0.0134,3.092633088079118
COPENHAGEN-009,Copenhagen,2025-09-11,0.0231,3.0920643541346844
STOCKHOLM-003,Stockholm,2024-11-02,0.0242,3.090166269564657
AMSTERDAM-004,Amsterdam,2024-08-09,0.0187,3.089242983086715
PARIS-009,Paris,2025-01-29,0.0088,3.089096439933698
PARIS-009,Paris,2024-12-04,0.0088,3.089096439933698
AMSTERDAM-009,Amsterdam,2024-01-09,0.0553,3.0873535386404733
AMSTERDAM-006,Amsterdam,2024-05-31,0.0301,3.0846309168285413
COPENHAGEN-002,Copenhagen,2025-10-28,0.0187,3.0840660991853466
BERLIN-009,Berlin,2025-01-23,0.0982,3.083028901341067
AMSTERDAM-001,Amsterdam,2024-04-22,0.0236,3.0819354414523747
WARSAW-008,Warsaw,2025-03-29,0.0532,3.077916249667772
STOCKHOLM-008,Stockholm,2025-02-16,0.0105,3.0749338183708006
PARIS-001,Paris,2025-10-24,0.0107,3.072081792963044
WARSAW-006,Warsaw,2024-12-16,0.009,3.064200597795434
WARSAW-006,Warsaw,2025-04-15,0.009,3.064200597795434
PARIS-002,Paris,2025-12-02,0.0509,3.06329552098387
PARIS-006,Paris,2025-06-12,0.0182,3.060995026456554
OSLO-008,Oslo,2025-02-19,0.0133,3.059883987205352
AMSTERDAM-003,Amsterdam,2025-11-26,0.0091,3.0573819725409686
BERLIN-008,Berlin,2024-06-25,0.0633,3.053644618797806
WARSAW-007,Warsaw,2024-02-28,0.0093,3.0527881831373604
MADRID-001,Madrid,2025-09-12,0.0084,3.052047214384364
MADRID-004,Madrid,2024-09-01,0.0124,3.051342287688021
BERLIN-005,Berlin,2025-04-06,0.0133,3.0482850016621375
PARIS-007,Paris,2024-11-26,0.0428,3.0473742688686865
STOCKHOLM-009,Stockholm,2024-02-12,0.0213,3.0466604204037915
WARSAW-003,Warsaw,2024-05-27,0.0135,3.0453936579816676
COPENHAGEN-003,Copenhagen,2024-08-17,0.0568,3.042615535253556
MADRID-003,Madrid,2024-09-29,0.0475,3.042311702159987
WARSAW-002,Warsaw,2024-06-22,0.0327,3.041457486263131
WARSAW-010,Warsaw,2024-04-14,0.0231,3.0399907023973816
PARIS-006,Paris,2024-01-16,0.0181,3.0364544608994692
COPENHAGEN-007,Copenhagen,2024-05-29,0.0185,3.03597870432129
COPENHAGEN-002,Copenhagen,2024-08-13,0.0185,3.0357339637268312
BERLIN-002,Berlin,2025-11-10,0.0252,3.0310223027250616
OSLO-009,Oslo,2025-05-27,0.0263,3.030245547069589
COPENHAGEN-008,Copenhagen,2024-02-05,0.0299,3.029635192825948
PARIS-001,Paris,2025-07-03,0.0106,3.0294940767898826
WARSAW-010,Warsaw,2024-12-05,0.023,3.0209616131058574
WARSAW-010,Warsaw,2025-09-26,0.023,3.0209616131058574
OSLO-003,Oslo,2024-01-19,0.0066,3.0180213687721253
COPENHAGEN-009,Copenhagen,2025-08-01,0.0227,3.014640417193029
BERLIN-001,Berlin,2024-08-14,0.0344,3.01405333182359
PARIS-002,Paris,2024-09-23,0.0503,3.0125859146737644
BERLIN-004,Berlin,2024-03-05,0.0084,3.011998656570103
BERLIN-004,Berlin,2025-12-09,0.0084,3.011998656570103
BERLIN-007,Berlin,2025-08-22,0.0676,3.011544338453191
COPENHAGEN-005,Copenhagen,2024-02-07,0.0561,3.0114330538078313
OSLO-006,Oslo,2025-09-04,0.0223,3.0095455765914907
STOCKHOLM-009,Stockholm,2025-11-30,0.0211,3.0050140047558966
WARSAW-007,Warsaw,2025-08-28,0.0092,3.0039139701601862
WARSAW-009,Warsaw,2025-01-31,0.0376,3.0013773692581043
BERLIN-007,Berlin,2024-08-06,0.0674,2.9990326209437135
STOCKHOLM-004,Stockholm,2024-10-21,0.0313,2.996804402008979
OSLO-008,Oslo,2025-08-04,0.0131,2.9943857854578217
OSLO-006,Oslo,2024-04-29,0.0222,2.9895972147836773
STOCKHOLM-008,Stockholm,2025-03-10,0.0103,2.9890813770964284
STOCKHOLM-008,Stockholm,2024-08-13,0.0103,2.9890813770964284
STOCKHOLM-008,Stockholm,2024-05-20,0.0103,2.9890813770964284
MADRID-010,Madrid,2024-02-02,0.0884,2.9883295727276664
COPENHAGEN-002,Copenhagen,2025-10-18,0.0183,2.9874018282683172
PARIS-001,Paris,2024-02-09,0.0105,2.986906360616721
PARIS-001,Paris,2025-01-21,0.0105,2.986906360616721
PARIS-001,Paris,2024-09-26,0.0105,2.986906360616721
PARIS-001,Paris,2024-10-15,0.0105,2.986906360616721
PARIS-009,Paris,2024-09-12,0.0086,2.983789143120359
AMSTERDAM-002,Amsterdam,2024-10-28,0.0534,2.98056934866297
MADRID-004,Madrid,2024-03-04,0.0122,2.976037505341003
BERLIN-003,Berlin,2025-12-23,0.0635,2.9758161347923187
BERLIN-005,Berlin,2024-10-04,0.0131,2.9728588977461174
BERLIN-005,Berlin,2025-03-17,0.0131,2.9728588977461174
OSLO-006,Oslo,2025-05-31,0.0221,2.969648852975864
AMSTERDAM-004,Amsterdam,2025-03-13,0.0182,2.9688193316568516
WARSAW-001,Warsaw,2025-12-15,0.0094,2.968170210424587
OSLO-002,Oslo,2024-06-03,0.0649,2.9680668907252468
COPENHAGEN-004,Copenhagen,2025-08-01,0.0223,2.967421380664841
WARSAW-006,Warsaw,2025-01-06,0.0088,2.962052839402375
COPENHAGEN-008,Copenhagen,2024-12-30,0.0294,2.9573309327526673
AMSTERDAM-010,Amsterdam,2025-09-29,0.0358,2.9569076466187143
MADRID-007,Madrid,2024-02-19,0.027,2.9512086725323625
PARIS-003,Paris,2024-02-01,0.009,2.949952545089744
PARIS-001,Paris,2024-12-04,0.0104,2.944318644443559
WARSAW-008,Warsaw,2025-11-05,0.0516,2.943964340200016
STOCKHOLM-009,Stockholm,2024-04-19,0.0208,2.9425443812840535
PARIS-004,Paris,2024-10-08,0.0439,2.9424170740471616
WARSAW-009,Warsaw,2025-10-23,0.0371,2.941546598629676
MADRID-004,Madrid,2025-06-27,0.0121,2.9383851141674935
PARIS-006,Paris,2025-04-01,0.0177,2.93829219867113
COPENHAGEN-009,Copenhagen,2024-11-04,0.0223,2.9372164802513727
STOCKHOLM-002,Stockholm,2024-04-05,0.1585,2.9303181659631647
STOCKHOLM-004,Stockholm,2024-12-11,0.0308,2.9300312415793925
OSLO-006,Oslo,2025-10-20,0.0219,2.929752129360237
STOCKHOLM-005,Stockholm,2025-02-02,0.0805,2.923120633549404
COPENHAGEN-009,Copenhagen,2024-03-13,0.0222,2.917860496015959
WARSAW-009,Warsaw,2024-12-31,0.0369,2.9176142903783044
AMSTERDAM-009,Amsterdam,2025-04-14,0.0532,2.9164271504558466
COPENHAGEN-002,Copenhagen,2025-01-02,0.018,2.914903625080545
COPENHAGEN-002,Copenhagen,2024-01-31,0.018,2.914903625080545
COPENHAGEN-010,Copenhagen,2025-04-03,0.0292,2.9089242099805537
COPENHAGEN-010,Copenhagen,2025-02-13,0.0292,2.9089242099805537
PARIS-001,Paris,2025-03-05,0.0103,2.9017309282703976
AMSTERDAM-008,Amsterdam,2024-04-12,0.0606,2.901729105989949
PARIS-010,Paris,2024-04-30,0.0333,2.89989191858053
PARIS-010,Paris,2025-05-16,0.0333,2.89989191858053
PARIS-010,Paris,2024-01-09,0.0333,2.89989191858053
OSLO-006,Oslo,2024-07-19,0.0217,2.88985540574461
MADRID-003,Madrid,2024-03-15,0.0459,2.888254146813175
BERLIN-002,Berlin,2024-03-01,0.0244,2.887615183268602
OSLO-005,Oslo,2024-01-19,0.0363,2.8864309258492997
PARIS-002,Paris,2024-09-22,0.0488,2.885811898898501
AMSTERDAM-008,Amsterdam,2024-12-08,0.0603,2.8803388751988397
PARIS-009,Paris,2025-10-02,0.0084,2.8784818463070194
PARIS-007,Paris,2025-10-10,0.0412,2.8766210160799193
AMSTERDAM-001,Amsterdam,2025-09-11,0.0225,2.8758778898874575
AMSTERDAM-004,Amsterdam,2025-09-08,0.0178,2.872480410512961
AMSTERDAM-004,Amsterdam,2024-01-09,0.0178,2.872480410512961
BERLIN-001,Berlin,2024-11-19,0.0333,2.8711599070356186
OSLO-003,Oslo,2024-04-25,0.0064,2.8708563462635883
OSLO-003,Oslo,2024-02-06,0.0064,2.8708563462635883
OSLO-003,Oslo,2024-10-15,0.0064,2.8708563462635883
BERLIN-002,Berlin,2025-09-27,0.0243,2.8696892933365437
WARSAW-001,Warsaw,2024-09-24,0.0092,2.8688189575478744
PARIS-006,Paris,2024-05-10,0.0174,2.8646705019998753
STOCKHOLM-008,Stockholm,2024-01-09,0.01,2.8603027151848712
WARSAW-006,Warsaw,2025-08-12,0.0086,2.8599050810093156
AMSTERDAM-006,Amsterdam,2025-12-31,0.0286,2.859049535948381
MADRID-008,Madrid,2025-06-25,0.0412,2.8585343064774706
AMSTERDAM-009,Amsterdam,2024-01-19,0.0524,2.851312335909322
OSLO-005,Oslo,2025-04-30,0.036,2.851286470862851
PARIS-003,Paris,2024-07-03,0.0088,2.851215798624617
OSLO-006,Oslo,2024-12-25,0.0215,2.849958682128983
STOCKHOLM-007,Stockholm,2024-11-13,0.0224,2.849641338733191
PARIS-004,Paris,2025-03-16,0.043,2.84905797269241
STOCKHOLM-006,Stockholm,2024-11-26,0.0365,2.8481018396519593
AMSTERDAM-005,Amsterdam,2025-11-18,0.1871,2.843902338516388
COPENHAGEN-002,Copenhagen,2024-02-05,0.0177,2.842405421892774
BERLIN-010,Berlin,2024-11-22,0.019,2.8414255964682313
COPENHAGEN-005,Copenhagen,2025-11-08,0.0538,2.8401515930224828
STOCKHOLM-009,Stockholm,2024-05-02,0.0203,2.838428342164315
MADRID-008,Madrid,2025-09-12,0.041,2.8384003458965443
STOCKHOLM-010,Stockholm,2025-10-01,0.0228,2.838140558590469
MADRID-005,Madrid,2025-02-26,0.0238,2.8327134664209734
PARIS-004,Paris,2025-06-16,0.0428,2.8283115057246877
WARSAW-003,Warsaw,2025-04-07,0.0129,2.8274112169593684
AMSTERDAM-005,Amsterdam,2024-05-02,0.1864,2.8273281630464955
PARIS-009,Paris,2024-07-20,0.0083,2.8258281979003503
MADRID-007,Madrid,2025-02-14,0.0262,2.8241159386205954
PARIS-001,Paris,2025-06-23,0.0101,2.8165554959240735
PARIS-001,Paris,2025-01-30,0.0101,2.8165554959240735
BERLIN-002,Berlin,2025-12-28,0.024,2.8159116235403707
MADRID-009,Madrid,2024-06-27,0.0087,2.813978788954239
COPENHAGEN-006,Copenhagen,2024-08-19,0.0209,2.8132102406103257
COPENHAGEN-003,Copenhagen,2024-02-07,0.054,2.8128360682698803
COPENHAGEN-008,Copenhagen,2024-02-08,0.0284,2.8127224126061057
OSLO-009,Oslo,2024-06-05,0.025,2.8125498813706167
WARSAW-010,Warsaw,2024-02-24,0.0219,2.8116416308990906
WARSAW-010,Warsaw,2025-11-23,0.0219,2.8116416308990906
STOCKHOLM-007,Stockholm,2024-04-22,0.0222,2.810283899749675
WARSAW-007,Warsaw,2024-01-16,0.0088,2.8084171182514885
AMSTERDAM-003,Amsterdam,2025-05-07,0.0086,2.8076929126189705
AMSTERDAM-003,Amsterdam,2025-12-05,0.0086,2.8076929126189705
AMSTERDAM-003,Amsterdam,2024-03-29,0.0086,2.8076929126189705
COPENHAGEN-009,Copenhagen,2025-02-12,0.0216,2.801724590603475
PARIS-008,Paris,2025-12-05,0.016,2.8014656537598737
AMSTERDAM-004,Amsterdam,2024-11-05,0.0175,2.800226219655043
OSLO-003,Oslo,2024-02-07,0.0063,2.7972738350093196
COPENHAGEN-002,Copenhagen,2024-01-12,0.0175,2.7940732864342595
OSLO-005,Oslo,2024-02-14,0.0355,2.79271237921877
COPENHAGEN-004,Copenhagen,2025-09-30,0.0214,2.79137133171307
WARSAW-003,Warsaw,2025-12-27,0.0128,2.791080810122319
MADRID-004,Madrid,2025-11-20,0.0117,2.787775549473457
BERLIN-007,Berlin,2025-01-19,0.064,2.786333423282589
WARSAW-005,Warsaw,2024-12-17,0.0227,2.785482574454329
AMSTERDAM-002,Amsterdam,2025-07-19,0.051,2.7846605892923804
PARIS-007,Paris,2025-05-18,0.0403,2.7805723113862375
MADRID-005,Madrid,2024-09-17,0.0235,2.7790011075119847
MADRID-001,Madrid,2024-04-18,0.0079,2.7789697334818677
STOCKHOLM-003,Stockholm,2025-08-31,0.0225,2.777692777511727
AMSTERDAM-004,Amsterdam,2025-05-07,0.0174,2.7761414893690697
COPENHAGEN-010,Copenhagen,2024-01-13,0.0283,2.7761210269666
STOCKHOLM-009,Stockholm,2024-12-18,0.02,2.775958718692473
AMSTERDAM-010,Amsterdam,2024-04-28,0.0343,2.7740104772738747
PARIS-001,Paris,2025-03-01,0.01,2.773967779750912
COPENHAGEN-007,Copenhagen,2024-09-11,0.0174,2.7724384491719327
COPENHAGEN-007,Copenhagen,2025-04-30,0.0174,2.7724384491719327
PARIS-010,Paris,2025-12-31,0.0323,2.7707269507612167
WARSAW-001,Warsaw,2024-04-23,0.009,2.7694677046711624
WARSAW-001,Warsaw,2024-11-29,0.009,2.7694677046711624
BERLIN-001,Berlin,2024-07-30,0.0325,2.76723741628073
OSLO-004,Oslo,2025-11-07,0.0893,2.7658003144811842
MADRID-003,Madrid,2024-02-12,0.0446,2.7630823830938898
WARSAW-009,Warsaw,2024-02-18,0.0356,2.76205428674439
MADRID-009,Madrid,2024-05-19,0.0086,2.7620480109659415
WARSAW-007,Warsaw,2025-04-09,0.0087,2.7595429052743135
STOCKHOLM-003,Stockholm,2024-12-31,0.0224,2.7593119838615547
WARSAW-006,Warsaw,2024-06-20,0.0084,2.7577573226162557
AMSTERDAM-003,Amsterdam,2025-03-11,0.0085,2.7577551006345713
AMSTERDAM-003,Amsterdam,2024-10-02,0.0085,2.7577551006345713
STOCKHOLM-006,Stockholm,2025-07-22,0.0357,2.7562725059210935
PARIS-003,Paris,2024-02-24,0.0086,2.752479052159489
COPENHAGEN-004,Copenhagen,2024-10-28,0.0212,2.752249098612677
WARSAW-008,Warsaw,2024-07-05,0.0493,2.7514084703401167
OSLO-006,Oslo,2024-01-30,0.021,2.7502168730899164
WARSAW-009,Warsaw,2024-04-05,0.0355,2.750088132618704
PARIS-008,Paris,2024-01-13,0.0158,2.7492321527559325
WARSAW-005,Warsaw,2025-02-17,0.0225,2.749167694195515
COPENHAGEN-007,Copenhagen,2024-08-20,0.0173,2.7484802441583547
MADRID-010,Madrid,2024-06-04,0.0837,2.7441399689693617
OSLO-007,Oslo,2024-12-23,0.0464,2.7419391579223897
OSLO-004,Oslo,2024-07-04,0.0888,2.741938008765541
BERLIN-004,Berlin,2024-12-27,0.0079,2.739955035502816
BERLIN-004,Berlin,2025-11-03,0.0079,2.739955035502816
AMSTERDAM-008,Amsterdam,2024-11-21,0.0583,2.737737336591444
PARIS-002,Paris,2024-09-11,0.047,2.733683079968184
PARIS-002,Paris,2024-04-15,0.047,2.733683079968184
COPENHAGEN-006,Copenhagen,2025-01-02,0.0205,2.7328420217031826
STOCKHOLM-008,Stockholm,2024-09-30,0.0097,2.731524053273314
PARIS-001,Paris,2024-04-19,0.0099,2.7313800635777508
STOCKHOLM-004,Stockholm,2024-07-06,0.0293,2.7297117602906322
AMSTERDAM-004,Amsterdam,2025-12-02,0.0172,2.7279720287971245
AMSTERDAM-001,Amsterdam,2025-02-24,0.0217,2.7260178523857
COPENHAGEN-007,Copenhagen,2024-12-30,0.0172,2.724522039144777
MADRID-001,Madrid,2025-09-18,0.0078,2.724354237301368
MADRID-001,Madrid,2024-08-26,0.0078,2.724354237301368
MADRID-001,Madrid,2024-11-25,0.0078,2.724354237301368
BERLIN-007,Berlin,2025-12-30,0.063,2.723774835735199
OSLO-003,Oslo,2024-11-12,0.0062,2.723691323755051
COPENHAGEN-002,Copenhagen,2024-01-02,0.0172,2.721575083246487
COPENHAGEN-002,Copenhagen,2025-05-16,0.0172,2.721575083246487
PARIS-009,Paris,2024-03-26,0.0081,2.7205209010870113
WARSAW-001,Warsaw,2024-09-09,0.0089,2.719792078232807
WARSAW-008,Warsaw,2024-07-20,0.0489,2.7179204929731777
MADRID-003,Madrid,2025-05-29,0.0441,2.7149393970480107
WARSAW-005,Warsaw,2024-03-08,0.0223,2.712852813936702
MADRID-004,Madrid,2024-02-22,0.0115,2.712470767126438
OSLO-006,Oslo,2024-12-12,0.0208,2.7103201494742892
BERLIN-005,Berlin,2025-07-08,0.0124,2.7088675340400457
BERLIN-005,Berlin,2024-12-01,0.0124,2.7088675340400457
AMSTERDAM-003,Amsterdam,2025-01-09,0.0084,2.7078172886501712
AMSTERDAM-003,Amsterdam,2025-01-17,0.0084,2.7078172886501712
WARSAW-006,Warsaw,2024-11-28,0.0083,2.7066834434197267
PARIS-007,Paris,2024-12-05,0.0396,2.7058677632911516
MADRID-003,Madrid,2025-09-26,0.044,2.705310799838835
STOCKHOLM-003,Stockholm,2024-11-22,0.0221,2.7041696029110383
MADRID-002,Madrid,2024-02-03,0.041,2.701494294700974
AMSTERDAM-010,Amsterdam,2025-11-04,0.0337,2.700851609535939
COPENHAGEN-007,Copenhagen,2024-01-30,0.0171,2.7005638341311995
OSLO-008,Oslo,2025-10-17,0.0122,2.6996438775939366
OSLO-001,Oslo,2024-01-13,0.0353,2.6982911546780457
BERLIN-002,Berlin,2024-10-09,0.0233,2.6904303940159684
MADRID-005,Madrid,2025-10-20,0.023,2.689480509330338
PARIS-001,Paris,2025-07-08,0.0098,2.6887923474045885
PARIS-001,Paris,2024-04-11,0.0098,2.6887923474045885
BERLIN-010,Berlin,2025-07-13,0.0183,2.685999155818632
STOCKHOLM-003,Stockholm,2025-02-08,0.022,2.685788809260865
WARSAW-004,Warsaw,2024-05-08,0.0504,2.67980839135177
AMSTERDAM-004,Amsterdam,2025-07-02,0.017,2.6798025682251794
WARSAW-009,Warsaw,2025-02-28,0.0349,2.6782912078645897
AMSTERDAM-010,Amsterdam,2024-12-10,0.0335,2.6764653202899606
AMSTERDAM-010,Amsterdam,2024-08-17,0.0335,2.6764653202899606
BERLIN-005,Berlin,2024-02-07,0.0123,2.6711544820820357
MADRID-001,Madrid,2025-09-17,0.0077,2.669738741120869
MADRID-001,Madrid,2024-05-17,0.0077,2.669738741120869
MADRID-001,Madrid,2024-01-08,0.0077,2.669738741120869
OSLO-008,Oslo,2024-05-10,0.0121,2.6668947767201705
MADRID-003,Madrid,2025-10-29,0.0436,2.666796411002132
WARSAW-009,Warsaw,2024-10-14,0.0348,2.666325053738904
AMSTERDAM-010,Amsterdam,2024-04-19,0.0334,2.664272175666971
OSLO-001,Oslo,2025-06-26,0.035,2.663812386784565
BERLIN-010,Berlin,2025-07-07,0.0182,2.663795378582975
PARIS-007,Paris,2025-01-18,0.0392,2.6631794500939594
WARSAW-007,Warsaw,2025-03-01,0.0085,2.661794479319965
WARSAW-007,Warsaw,2024-09-16,0.0085,2.661794479319965
WARSAW-010,Warsaw,2025-12-26,0.0211,2.6594089165668966
COPENHAGEN-003,Copenhagen,2024-06-02,0.0521,2.6569142871023863
PARIS-003,Paris,2024-09-06,0.0084,2.653742305694361
STOCKHOLM-007,Stockholm,2024-11-27,0.0214,2.65285414381561
COPENHAGEN-007,Copenhagen,2025-09-16,0.0169,2.652647424104043
COPENHAGEN-006,Copenhagen,2025-05-02,0.0201,2.6524738027960386
STOCKHOLM-009,Stockholm,2025-04-28,0.0194,2.6510194717487874
OSLO-003,Oslo,2024-04-02,0.0061,2.6501088125007826
OSLO-003,Oslo,2025-09-05,0.0061,2.6501088125007826
MADRID-007,Madrid,2024-01-11,0.0251,2.649363429491915
STOCKHOLM-003,Stockholm,2024-11-08,0.0218,2.649027221960521
COPENHAGEN-009,Copenhagen,2025-12-01,0.0208,2.6468767167201634
COPENHAGEN-009,Copenhagen,2024-08-23,0.0208,2.6468767167201634
PARIS-005,Paris,2024-09-12,0.0865,2.646784812477352
WARSAW-002,Warsaw,2024-03-20,0.0297,2.646592505422465
OSLO-007,Oslo,2025-01-03,0.0453,2.6385041532073155
BERLIN-001,Berlin,2024-03-12,0.0315,2.6373343028371194
STOCKHOLM-009,Stockholm,2025-01-02,0.0193,2.63019626392484
MADRID-003,Madrid,2025-10-31,0.0432,2.6282820221654295
COPENHAGEN-001,Copenhagen,2024-09-14,0.0526,2.6280695205914224
PARIS-005,Paris,2024-06-04,0.0861,2.627916750267116
COPENHAGEN-009,Copenhagen,2024-10-16,0.0207,2.6275207324847494
PARIS-007,Paris,2025-03-04,0.0388,2.6204911368967676
WARSAW-001,Warsaw,2025-12-19,0.0087,2.620440825356095
AMSTERDAM-006,Amsterdam,2025-09-21,0.027,2.618429396342876
STOCKHOLM-010,Stockholm,2025-05-27,0.0216,2.6152432389006526
MADRID-001,Madrid,2024-09-30,0.0076,2.61512324494037
MADRID-001,Madrid,2024-06-15,0.0076,2.61512324494037
MADRID-001,Madrid,2024-03-12,0.0076,2.61512324494037
WARSAW-004,Warsaw,2024-07-30,0.0496,2.6136864438948804
STOCKHOLM-003,Stockholm,2025-03-24,0.0216,2.6122656346601763
STOCKHOLM-003,Stockholm,2024-03-26,0.0216,2.6122656346601763
BERLIN-008,Berlin,2024-12-23,0.0569,2.6110670003798453
COPENHAGEN-008,Copenhagen,2024-04-11,0.027,2.6102704844009197
WARSAW-003,Warsaw,2024-07-24,0.0123,2.609428775937069
STOCKHOLM-009,Stockholm,2024-01-29,0.0192,2.6093730561008917
AMSTERDAM-003,Amsterdam,2024-08-21,0.0082,2.607941664681373
MADRID-009,Madrid,2025-02-08,0.0083,2.6062556770010485
WARSAW-006,Warsaw,2025-11-19,0.0081,2.6045356850266668
STOCKHOLM-008,Stockholm,2025-09-25,0.0094,2.6027453913617564
WARSAW-010,Warsaw,2024-01-04,0.0208,2.6023216486923237
WARSAW-010,Warsaw,2024-03-14,0.0208,2.6023216486923237
AMSTERDAM-009,Amsterdam,2025-04-10,0.0493,2.5989924295415396
BERLIN-005,Berlin,2025-11-02,0.0121,2.595728378166015
BERLIN-005,Berlin,2024-08-07,0.0121,2.595728378166015
WARSAW-008,Warsaw,2024-07-18,0.0474,2.5923405778471564
OSLO-006,Oslo,2025-05-08,0.0202,2.5906299786274087
STOCKHOLM-006,Stockholm,2025-03-19,0.0342,2.5840925051757186
BERLIN-003,Berlin,2025-11-23,0.0578,2.5839100835837154
AMSTERDAM-004,Amsterdam,2025-07-25,0.0166,2.5834636470812886
MADRID-005,Madrid,2024-10-23,0.0224,2.582055791512362
BERLIN-004,Berlin,2024-11-15,0.0076,2.576728862862443
BERLIN-004,Berlin,2025-01-17,0.0076,2.576728862862443
BERLIN-004,Berlin,2025-10-27,0.0076,2.576728862862443
OSLO-003,Oslo,2025-01-28,0.006,2.576526301246514
OSLO-003,Oslo,2024-11-11,0.006,2.576526301246514
AMSTERDAM-007,Amsterdam,2024-02-25,0.0425,2.575064106680387
STOCKHOLM-007,Stockholm,2025-12-26,0.021,2.5741392658485784
PARIS-002,Paris,2024-01-19,0.0451,2.5731026599861835
OSLO-007,Oslo,2025-12-19,0.0446,2.5726818774795404
OSLO-006,Oslo,2025-09-19,0.0201,2.5706816168195954
BERLIN-003,Berlin,2025-01-20,0.0576,2.570158994067625
PARIS-004,Paris,2025-12-21,0.0403,2.568980668628157
WARSAW-005,Warsaw,2024-01-10,0.0215,2.567593292901448
PARIS-008,Paris,2025-04-14,0.0151,2.5664148992421363
PARIS-002,Paris,2024-11-08,0.045,2.564651058934499
PARIS-009,Paris,2025-12-03,0.0078,2.5625599558670027
PARIS-009,Paris,2024-06-11,0.0078,2.5625599558670027
MADRID-004,Madrid,2024-06-20,0.0111,2.5618612024324015
MADRID-004,Madrid,2025-01-29,0.0111,2.5618612024324015
OSLO-005,Oslo,2024-11-18,0.0335,2.558416012642447
MADRID-009,Madrid,2024-07-19,0.0082,2.5543248990127516
COPENHAGEN-002,Copenhagen,2024-02-27,0.0165,2.5524126091416868
COPENHAGEN-002,Copenhagen,2024-02-04,0.0165,2.5524126091416868
STOCKHOLM-005,Stockholm,2024-12-06,0.0739,2.55017214046127
COPENHAGEN-009,Copenhagen,2025-04-20,0.0203,2.5500967955430935
WARSAW-005,Warsaw,2025-04-26,0.0214,2.5494358527720418
OSLO-001,Oslo,2025-12-28,0.034,2.548883160472959
PARIS-006,Paris,2024-11-12,0.0161,2.5456431497577734
COPENHAGEN-003,Copenhagen,2024-12-11,0.0507,2.542024553610549
PARIS-008,Paris,2025-03-02,0.015,2.5402981487401655
AMSTERDAM-001,Amsterdam,2024-03-05,0.0207,2.5386928055085023
COPENHAGEN-004,Copenhagen,2024-05-21,0.0201,2.5370768165605133
WARSAW-003,Warsaw,2024-02-24,0.0121,2.536767962262969
WARSAW-003,Warsaw,2025-01-02,0.0121,2.536767962262969
MADRID-008,Madrid,2024-04-04,0.038,2.5363909371826474
AMSTERDAM-004,Amsterdam,2025-02-24,0.0164,2.5352941865093435
COPENHAGEN-003,Copenhagen,2025-10-18,0.0506,2.5338181440754175
BERLIN-001,Berlin,2025-02-18,0.0307,2.5334118120822313
PARIS-002,Paris,2025-07-11,0.0446,2.5308446547277623
BERLIN-002,Berlin,2024-06-05,0.0224,2.52909738462745
COPENHAGEN-002,Copenhagen,2024-04-20,0.0164,2.5282465414124298
AMSTERDAM-006,Amsterdam,2024-11-04,0.0264,2.528196843990812
WARSAW-002,Warsaw,2025-08-05,0.0288,2.5281330111702647
STOCKHOLM-009,Stockholm,2025-05-26,0.0188,2.526080224805102
WARSAW-009,Warsaw,2025-02-03,0.0336,2.5227312042306753
PARIS-002,Paris,2025-02-09,0.0445,2.522393053676078
STOCKHOLM-010,Stockholm,2024-03-26,0.0211,2.522369355696562
BERLIN-004,Berlin,2025-03-18,0.0075,2.5223201386489853
BERLIN-004,Berlin,2025-02-21,0.0075,2.5223201386489853
WARSAW-001,Warsaw,2024-09-10,0.0085,2.5210895724793834
AMSTERDAM-001,Amsterdam,2025-09-27,0.0206,2.5199603008207827
COPENHAGEN-005,Copenhagen,2025-10-12,0.0495,2.519929731554222
BERLIN-006,Berlin,2025-09-20,0.0843,2.5196879872619364
COPENHAGEN-004,Copenhagen,2025-09-19,0.02,2.5175157000103168
WARSAW-008,Warsaw,2024-01-06,0.0465,2.516992628771544
STOCKHOLM-008,Stockholm,2025-09-21,0.0092,2.5168929500873847
WARSAW-007,Warsaw,2024-01-05,0.0082,2.5151718403884415
WARSAW-007,Warsaw,2025-03-04,0.0082,2.5151718403884415
WARSAW-005,Warsaw,2025-11-20,0.0212,2.5131209725132284
COPENHAGEN-009,Copenhagen,2025-12-08,0.0201,2.511384827072266
BERLIN-002,Berlin,2025-12-30,0.0223,2.5111714946953927
PARIS-009,Paris,2025-01-03,0.0077,2.5099063074603336
PARIS-009,Paris,2025-04-21,0.0077,2.5099063074603336
AMSTERDAM-003,Amsterdam,2025-07-10,0.008,2.5080660407125737
AMSTERDAM-003,Amsterdam,2025-11-22,0.008,2.5080660407125737
AMSTERDAM-007,Amsterdam,2024-08-13,0.0418,2.5067705998570786
MADRID-001,Madrid,2024-04-26,0.0074,2.5058922525793705
MADRID-001,Madrid,2025-09-09,0.0074,2.5058922525793705
MADRID-001,Madrid,2025-07-08,0.0074,2.5058922525793705
MADRID-001,Madrid,2025-03-03,0.0074,2.5058922525793705
AMSTERDAM-010,Amsterdam,2025-12-26,0.0321,2.50576129556811
PARIS-003,Paris,2024-03-15,0.0081,2.5056371859966693
MADRID-006,Madrid,2024-11-11,0.0824,2.5035974658583444
OSLO-008,Oslo,2024-04-28,0.0116,2.503149272351345
STOCKHOLM-004,Stockholm,2025-01-15,0.0276,2.502683014830038
WARSAW-006,Warsaw,2024-09-19,0.0079,2.502387926633608
