city,origin,model,abs_err,actual_sum,mae,mase
amsterdam,2024-12-30,holt_winters,56.6521180673718,227.0,1.88840393557906,0.6017625217250174
amsterdam,2024-12-30,holt_winters_damped,56.374501126577826,227.0,1.8791500375525942,0.5988136563327809
amsterdam,2024-12-30,seasonal_naive,47.0,227.0,1.5666666666666667,0.4992370892018779
amsterdam,2024-12-30,weekday_mean_4w,63.75,227.0,2.125,0.6771566901408451
amsterdam,2024-12-30,flat_28d_mean,53.78571428571429,227.0,1.7928571428571431,0.5713153923541249
amsterdam,2025-01-29,holt_winters,80.19438712409803,235.0,2.6731462374699344,0.8518300510247502
amsterdam,2025-01-29,holt_winters_damped,78.38461540206663,235.0,2.612820513402221,0.8326065368412007
amsterdam,2025-01-29,seasonal_naive,117.0,235.0,3.9,1.242781690140845
amsterdam,2025-01-29,weekday_mean_4w,91.5,235.0,3.05,0.971919014084507
amsterdam,2025-01-29,flat_28d_mean,85.0,235.0,2.8333333333333335,0.9028755868544601
amsterdam,2025-02-28,holt_winters,73.63298965982469,231.0,2.4544329886608227,0.7821344558936777
amsterdam,2025-02-28,holt_winters_damped,72.33031433658213,231.0,2.4110104778860713,0.7682973529883431
amsterdam,2025-02-28,seasonal_naive,126.0,231.0,4.2,1.338380281690141
amsterdam,2025-02-28,weekday_mean_4w,86.75,231.0,2.8916666666666666,0.9214642018779342
amsterdam,2025-02-28,flat_28d_mean,63.0,231.0,2.1,0.6691901408450704
amsterdam,2025-03-30,holt_winters,68.76277717470545,199.0,2.2920925724901817,0.7304027387688783
amsterdam,2025-03-30,holt_winters_damped,70.18231530411951,199.0,2.3394105101373173,0.7454811660824902
amsterdam,2025-03-30,seasonal_naive,83.0,199.0,2.7666666666666666,0.8816314553990611
amsterdam,2025-03-30,weekday_mean_4w,76.5,199.0,2.55,0.812588028169014
amsterdam,2025-03-30,flat_28d_mean,72.28571428571428,199.0,2.4095238095238094,0.767823608316566
amsterdam,2025-04-29,holt_winters,59.293867877019366,221.0,1.9764622625673123,0.6298233618392316
amsterdam,2025-04-29,holt_winters_damped,58.54734700370342,221.0,1.9515782334567808,0.6218937680557699
amsterdam,2025-04-29,seasonal_naive,82.0,221.0,2.7333333333333334,0.8710093896713615
amsterdam,2025-04-29,weekday_mean_4w,71.25,221.0,2.375,0.7568221830985915
amsterdam,2025-04-29,flat_28d_mean,71.14285714285717,221.0,2.3714285714285723,0.7556841046277669
amsterdam,2025-05-29,holt_winters,59.22897742657024,195.0,1.9742992475523413,0.6291340912094608
amsterdam,2025-05-29,holt_winters_damped,61.80838024741113,195.0,2.060279341580371,0.6565326775106464
amsterdam,2025-05-29,seasonal_naive,66.0,195.0,2.2,0.701056338028169
amsterdam,2025-05-29,weekday_mean_4w,62.0,195.0,2.066666666666667,0.6585680751173709
amsterdam,2025-05-29,flat_28d_mean,65.42857142857143,195.0,2.180952380952381,0.6949865861837694
amsterdam,2025-06-28,holt_winters,68.25171662214801,247.0,2.275057220738267,0.7249742199887788
amsterdam,2025-06-28,holt_winters_damped,63.90681513290053,247.0,2.1302271710966845,0.6788223907896125
amsterdam,2025-06-28,seasonal_naive,100.0,247.0,3.3333333333333335,1.062206572769953
amsterdam,2025-06-28,weekday_mean_4w,84.0,247.0,2.8,0.8922535211267605
amsterdam,2025-06-28,flat_28d_mean,86.64285714285717,247.0,2.888095238095239,0.9203261234071096
amsterdam,2025-07-28,holt_winters,45.13472709590829,224.0,1.504490903196943,0.47942403781451876
amsterdam,2025-07-28,holt_winters_damped,44.791908194036374,224.0,1.493063606467879,0.4757825929061375
amsterdam,2025-07-28,seasonal_naive,68.0,224.0,2.2666666666666666,0.7223004694835681
amsterdam,2025-07-28,weekday_mean_4w,54.75,224.0,1.825,0.5815580985915493
amsterdam,2025-07-28,flat_28d_mean,56.285714285714306,224.0,1.8761904761904769,0.5978705566733737
amsterdam,2025-08-27,holt_winters,61.710777696068064,237.0,2.0570259232022687,0.6554959367950891
amsterdam,2025-08-27,holt_winters_damped,61.05897992286761,237.0,2.0352993307622538,0.6485724980069858
amsterdam,2025-08-27,seasonal_naive,65.0,237.0,2.1666666666666665,0.6904342723004694
amsterdam,2025-08-27,weekday_mean_4w,68.0,237.0,2.2666666666666666,0.7223004694835681
amsterdam,2025-08-27,flat_28d_mean,60.21428571428571,237.0,2.007142857142857,0.6396001006036217
amsterdam,2025-09-26,holt_winters,70.76636589956821,200.0,2.3588788633189406,0.7516849898956484
amsterdam,2025-09-26,holt_winters_damped,70.92639983365399,200.0,2.3642133277884665,0.7533848808621698
amsterdam,2025-09-26,seasonal_naive,107.0,200.0,3.566666666666667,1.1365610328638498
amsterdam,2025-09-26,weekday_mean_4w,82.0,200.0,2.7333333333333334,0.8710093896713615
amsterdam,2025-09-26,flat_28d_mean,75.42857142857143,200.0,2.5142857142857142,0.8012072434607646
amsterdam,2025-10-26,holt_winters,61.39748006770681,213.0,2.0465826689235604,0.6521680687943036
amsterdam,2025-10-26,holt_winters_damped,61.9200009835577,213.0,2.064000032785257,0.6577183203065695
amsterdam,2025-10-26,seasonal_naive,119.0,213.0,3.966666666666667,1.264025821596244
amsterdam,2025-10-26,weekday_mean_4w,75.5,213.0,2.5166666666666666,0.8019659624413146
amsterdam,2025-10-26,flat_28d_mean,60.999999999999986,213.0,2.0333333333333328,0.6479460093896712
amsterdam,2025-11-25,holt_winters,88.23666958173224,252.0,2.9412223193910747,0.9372557038904658
amsterdam,2025-11-25,holt_winters_damped,87.13570725065087,252.0,2.904523575021696,0.9255612096459981
amsterdam,2025-11-25,seasonal_naive,126.0,252.0,4.2,1.338380281690141
amsterdam,2025-11-25,weekday_mean_4w,92.5,252.0,3.0833333333333335,0.9825410798122066
amsterdam,2025-11-25,flat_28d_mean,90.2857142857143,252.0,3.0095238095238104,0.9590207914151578
berlin,2024-12-30,holt_winters,59.573620353277825,230.0,1.985787345109261,0.7044145212440495
berlin,2024-12-30,holt_winters_damped,59.3624565461248,230.0,1.9787485515374932,0.7019176635537212
berlin,2024-12-30,seasonal_naive,92.0,230.0,3.066666666666667,1.087832761718112
berlin,2024-12-30,weekday_mean_4w,70.0,230.0,2.3333333333333335,0.827698840437694
berlin,2024-12-30,flat_28d_mean,60.0,230.0,2.0,0.7094561489465948
berlin,2025-01-29,holt_winters,73.97080306591151,210.0,2.4656934355303837,0.8746506846271425
berlin,2025-01-29,holt_winters_damped,74.88930619940496,210.0,2.496310206646832,0.8855113128918698
berlin,2025-01-29,seasonal_naive,77.0,210.0,2.566666666666667,0.9104687244814634
berlin,2025-01-29,weekday_mean_4w,78.0,210.0,2.6,0.9222929936305733
berlin,2025-01-29,flat_28d_mean,77.14285714285714,210.0,2.571428571428571,0.912157905788479
berlin,2025-02-28,holt_winters,49.40089395229819,221.0,1.6466964650766063,0.58412946629861
berlin,2025-02-28,holt_winters_damped,49.056476819204356,221.0,1.6352158939734784,0.5800569854173436
berlin,2025-02-28,seasonal_naive,73.0,221.0,2.433333333333333,0.8631716478850237
berlin,2025-02-28,weekday_mean_4w,61.75,221.0,2.058333333333333,0.7301486199575371
berlin,2025-02-28,flat_28d_mean,49.85714285714286,221.0,1.661904761904762,0.58952427614848
berlin,2025-03-30,holt_winters,52.21674587266133,223.0,1.7405581957553775,0.6174248572890217
berlin,2025-03-30,holt_winters_damped,52.35173293750362,223.0,1.745057764583454,0.6190209806753654
berlin,2025-03-30,seasonal_naive,53.0,223.0,1.7666666666666666,0.6266862649028254
berlin,2025-03-30,weekday_mean_4w,57.0,223.0,1.9,0.6739833414992651
berlin,2025-03-30,flat_28d_mean,52.0,223.0,1.7333333333333334,0.6148619957537155
berlin,2025-04-29,holt_winters,44.6420776757071,206.0,1.4880692558569033,0.5278599418130319
berlin,2025-04-29,holt_winters_damped,44.66260085255151,206.0,1.488753361751717,0.528102613379835
berlin,2025-04-29,seasonal_naive,56.0,206.0,1.8666666666666667,0.6621590723501551
berlin,2025-04-29,weekday_mean_4w,50.5,206.0,1.6833333333333333,0.5971255920300507
berlin,2025-04-29,flat_28d_mean,46.0,206.0,1.5333333333333334,0.543916380859056
berlin,2025-05-29,holt_winters,76.17667214502029,203.0,2.5392224048340095,0.9007334743262239
berlin,2025-05-29,holt_winters_damped,76.27140848596585,203.0,2.5423802828655284,0.901853662319766
berlin,2025-05-29,seasonal_naive,112.0,203.0,3.7333333333333334,1.3243181447003103
berlin,2025-05-29,weekday_mean_4w,87.75,203.0,2.925,1.0375796178343948
berlin,2025-05-29,flat_28d_mean,74.78571428571428,203.0,2.4928571428571424,0.8842864142227198
berlin,2025-06-28,holt_winters,59.343539311745886,220.0,1.9781179770581963,0.7016939810828683
berlin,2025-06-28,holt_winters_damped,58.23895578488997,220.0,1.941298526162999,0.6886330881636508
berlin,2025-06-28,seasonal_naive,92.0,220.0,3.066666666666667,1.087832761718112
berlin,2025-06-28,weekday_mean_4w,67.0,220.0,2.2333333333333334,0.7922260329903642
berlin,2025-06-28,flat_28d_mean,66.85714285714286,220.0,2.2285714285714286,0.7905368516833485
berlin,2025-07-28,holt_winters,68.12442923372923,176.0,2.270814307790974,0.805521586889106
berlin,2025-07-28,holt_winters_damped,69.12959073628703,176.0,2.304319691209568,0.8174068870336733
berlin,2025-07-28,seasonal_naive,93.0,176.0,3.1,1.099657030867222
berlin,2025-07-28,weekday_mean_4w,70.0,176.0,2.3333333333333335,0.827698840437694
berlin,2025-07-28,flat_28d_mean,75.5,176.0,2.5166666666666666,0.8927323207577984
berlin,2025-08-27,holt_winters,43.90574967366676,192.0,1.4635249891222253,0.5191534013348805
berlin,2025-08-27,holt_winters_damped,46.909822348389866,192.0,1.563660744946329,0.554674365184293
berlin,2025-08-27,seasonal_naive,78.0,192.0,2.6,0.9222929936305733
berlin,2025-08-27,weekday_mean_4w,49.5,192.0,1.65,0.5853013228809407
berlin,2025-08-27,flat_28d_mean,38.00000000000001,192.0,1.2666666666666668,0.44932222766617674
berlin,2025-09-26,holt_winters,68.22873571834188,174.0,2.274291190611396,0.8067549348371634
berlin,2025-09-26,holt_winters_damped,66.83368692518691,174.0,2.227789564172897,0.7902595024307582
berlin,2025-09-26,seasonal_naive,73.0,174.0,2.433333333333333,0.8631716478850237
berlin,2025-09-26,weekday_mean_4w,66.5,174.0,2.216666666666667,0.7863138984158093
berlin,2025-09-26,flat_28d_mean,67.92857142857143,174.0,2.2642857142857142,0.8032057114859662
berlin,2025-10-26,holt_winters,64.01066790599647,214.0,2.1336889301998823,0.7568793657347941
berlin,2025-10-26,holt_winters_damped,63.76584968559061,214.0,2.1255283228530204,0.7539845692041092
berlin,2025-10-26,seasonal_naive,100.0,214.0,3.3333333333333335,1.1824269149109914
berlin,2025-10-26,weekday_mean_4w,68.75,214.0,2.2916666666666665,0.8129185040013065
berlin,2025-10-26,flat_28d_mean,70.5,214.0,2.35,0.8336109750122489
berlin,2025-11-25,holt_winters,50.500468485109366,211.0,1.6833489495036456,0.5971311315240762
berlin,2025-11-25,holt_winters_damped,50.54807535069734,211.0,1.6849358450232446,0.5976940479161338
berlin,2025-11-25,seasonal_naive,73.0,211.0,2.433333333333333,0.8631716478850237
berlin,2025-11-25,weekday_mean_4w,59.5,211.0,1.9833333333333334,0.7035440143720398
berlin,2025-11-25,flat_28d_mean,55.0,211.0,1.8333333333333333,0.6503348032010452
copenhagen,2024-12-30,holt_winters,85.04220294566083,267.0,2.8347400981886945,0.879328119575242
copenhagen,2024-12-30,holt_winters_damped,85.08213316095858,267.0,2.836071105365286,0.8797409941235934
copenhagen,2024-12-30,seasonal_naive,93.0,267.0,3.1,0.9616109682947729
copenhagen,2024-12-30,weekday_mean_4w,92.75,267.0,3.091666666666667,0.9590259925735505
copenhagen,2024-12-30,flat_28d_mean,86.99999999999999,267.0,2.8999999999999995,0.8995715509854325
copenhagen,2025-01-29,holt_winters,64.24560938327517,253.0,2.141520312775839,0.664293361803645
copenhagen,2025-01-29,holt_winters_damped,64.87099795968749,253.0,2.1623665986562495,0.670759818949068
copenhagen,2025-01-29,seasonal_naive,72.0,253.0,2.4,0.7444730077120822
copenhagen,2025-01-29,weekday_mean_4w,77.5,253.0,2.5833333333333335,0.8013424735789775
copenhagen,2025-01-29,flat_28d_mean,68.92857142857143,253.0,2.297619047619048,0.7127147345656344
copenhagen,2025-02-28,holt_winters,66.69795629943823,250.0,2.223265209981274,0.6896503907568305
copenhagen,2025-02-28,holt_winters_damped,67.90603367701522,250.0,2.263534455900507,0.7021417935184092
copenhagen,2025-02-28,seasonal_naive,68.0,250.0,2.2666666666666666,0.7031133961725221
copenhagen,2025-02-28,weekday_mean_4w,66.5,250.0,2.216666666666667,0.6876035418451871
copenhagen,2025-02-28,flat_28d_mean,69.35714285714286,250.0,2.311904761904762,0.7171461215163015
copenhagen,2025-03-30,holt_winters,67.80534814760176,247.0,2.2601782715867254,0.7011007149223604
copenhagen,2025-03-30,holt_winters_damped,67.95640105171084,247.0,2.2652133683903615,0.7026625872813289
copenhagen,2025-03-30,seasonal_naive,92.0,247.0,3.066666666666667,0.9512710654098829
copenhagen,2025-03-30,weekday_mean_4w,78.25,247.0,2.6083333333333334,0.8090974007426449
copenhagen,2025-03-30,flat_28d_mean,74.0,247.0,2.466666666666667,0.7651528134818624
copenhagen,2025-04-29,holt_winters,69.77466006407259,224.0,2.325822002135753,0.7214632088887254
copenhagen,2025-04-29,holt_winters_damped,66.53502721334998,224.0,2.2178342404449993,0.6879657198295542
copenhagen,2025-04-29,seasonal_naive,61.0,224.0,2.033333333333333,0.6307340759782919
copenhagen,2025-04-29,weekday_mean_4w,66.0,224.0,2.2,0.6824335904027421
copenhagen,2025-04-29,flat_28d_mean,61.85714285714285,224.0,2.0619047619047617,0.6395968498796262
copenhagen,2025-05-29,holt_winters,56.44182484845366,244.0,1.8813941616151222,0.5836029875789839
copenhagen,2025-05-29,holt_winters_damped,56.45482724252345,244.0,1.8818275747507818,0.5837374310709366
copenhagen,2025-05-29,seasonal_naive,103.0,244.0,3.433333333333333,1.065009997143673
copenhagen,2025-05-29,weekday_mean_4w,81.5,244.0,2.716666666666667,0.8427020851185376
copenhagen,2025-05-29,flat_28d_mean,60.0,244.0,2.0,0.6203941730934018
copenhagen,2025-06-28,holt_winters,71.61827660694115,246.0,2.3872758868980384,0.740526024898963
copenhagen,2025-06-28,holt_winters_damped,70.92904843635407,246.0,2.3643016145451354,0.7333994725495622
copenhagen,2025-06-28,seasonal_naive,71.0,246.0,2.3666666666666667,0.7341331048271922
copenhagen,2025-06-28,weekday_mean_4w,76.5,246.0,2.55,0.7910025706940873
copenhagen,2025-06-28,flat_28d_mean,64.64285714285714,246.0,2.1547619047619047,0.6684008650589627
copenhagen,2025-07-28,holt_winters,63.40697485981279,226.0,2.1135658286604264,0.655621962275128
copenhagen,2025-07-28,holt_winters_damped,60.439988396845635,226.0,2.0146662798948545,0.6249436103872642
copenhagen,2025-07-28,seasonal_naive,103.0,226.0,3.433333333333333,1.065009997143673
copenhagen,2025-07-28,weekday_mean_4w,66.5,226.0,2.216666666666667,0.6876035418451871
copenhagen,2025-07-28,flat_28d_mean,60.57142857142858,226.0,2.0190476190476194,0.6263026890276249
copenhagen,2025-08-27,holt_winters,60.70942269699962,244.0,2.0236474232333204,0.6277295348847146
copenhagen,2025-08-27,holt_winters_damped,60.78079919013726,244.0,2.026026639671242,0.6284675608920219
copenhagen,2025-08-27,seasonal_naive,71.0,244.0,2.3666666666666667,0.7341331048271922
copenhagen,2025-08-27,weekday_mean_4w,66.25,244.0,2.2083333333333335,0.6850185661239646
copenhagen,2025-08-27,flat_28d_mean,68.57142857142858,244.0,2.285714285714286,0.7090219121067451
copenhagen,2025-09-26,holt_winters,73.85199140658764,252.0,2.4617330468862546,0.7636224189998493
copenhagen,2025-09-26,holt_winters_damped,74.07918733088323,252.0,2.4693062443627745,0.7659716027929087
copenhagen,2025-09-26,seasonal_naive,99.0,252.0,3.3,1.023650385604113
copenhagen,2025-09-26,weekday_mean_4w,81.25,252.0,2.7083333333333335,0.8401171093973151
copenhagen,2025-09-26,flat_28d_mean,76.85714285714283,252.0,2.5619047619047612,0.7946953931529764
copenhagen,2025-10-26,holt_winters,74.56077343461789,263.0,2.4853591144872627,0.7709511563362375
copenhagen,2025-10-26,holt_winters_damped,74.97097377470388,263.0,2.499032459156796,0.7751925880160755
copenhagen,2025-10-26,seasonal_naive,95.0,263.0,3.1666666666666665,0.9822907740645529
copenhagen,2025-10-26,weekday_mean_4w,72.5,263.0,2.4166666666666665,0.7496429591545273
copenhagen,2025-10-26,flat_28d_mean,79.0,263.0,2.6333333333333333,0.8168523279063125
copenhagen,2025-11-25,holt_winters,67.39418154918208,264.0,2.246472718306069,0.6968492922251902
copenhagen,2025-11-25,holt_winters_damped,68.22745065299377,264.0,2.2742483550997923,0.7054652138355825
copenhagen,2025-11-25,seasonal_naive,106.0,264.0,3.533333333333333,1.0960297057983432
copenhagen,2025-11-25,weekday_mean_4w,55.5,264.0,1.85,0.5738646101113968
copenhagen,2025-11-25,flat_28d_mean,71.28571428571428,264.0,2.3761904761904757,0.7370873627943035
madrid,2024-12-30,holt_winters,82.31125431585338,271.0,2.7437084771951126,0.8554887758351686
madrid,2024-12-30,holt_winters_damped,81.97405538419329,271.0,2.732468512806443,0.8519841530025257
madrid,2024-12-30,seasonal_naive,120.0,271.0,4.0,1.2472006890611542
madrid,2024-12-30,weekday_mean_4w,87.75,271.0,2.925,0.912015503875969
madrid,2024-12-30,flat_28d_mean,95.28571428571429,271.0,3.1761904761904765,0.9903367376235594
madrid,2025-01-29,holt_winters,73.31069832855161,244.0,2.4436899442850537,0.7619429455910331
madrid,2025-01-29,holt_winters_damped,72.2670155491397,244.0,2.4089005183046566,0.7510955965773348
madrid,2025-01-29,seasonal_naive,112.0,244.0,3.7333333333333334,1.1640539764570772
madrid,2025-01-29,weekday_mean_4w,78.25,244.0,2.6083333333333334,0.8132787826586276
madrid,2025-01-29,flat_28d_mean,81.14285714285712,244.0,2.704761904761904,0.8433452278413517
madrid,2025-02-28,holt_winters,83.12614296134421,252.0,2.770871432044807,0.8639581898365376
madrid,2025-02-28,holt_winters_damped,83.64879773418687,252.0,2.788293257806229,0.8693903181101249
madrid,2025-02-28,seasonal_naive,102.0,252.0,3.4,1.060120585701981
madrid,2025-02-28,weekday_mean_4w,87.75,252.0,2.925,0.912015503875969
madrid,2025-02-28,flat_28d_mean,78.00000000000001,252.0,2.6000000000000005,0.8106804478897504
madrid,2025-03-30,holt_winters,73.73786941265507,222.0,2.4579289804218356,0.7663826795113734
madrid,2025-03-30,holt_winters_damped,72.68294472520085,222.0,2.422764824173362,0.7554184895355358
madrid,2025-03-30,seasonal_naive,104.0,222.0,3.466666666666667,1.0809072638530004
madrid,2025-03-30,weekday_mean_4w,67.25,222.0,2.2416666666666667,0.6989520528280219
madrid,2025-03-30,flat_28d_mean,76.85714285714286,222.0,2.561904761904762,0.7988023460891679
madrid,2025-04-29,holt_winters,77.62443892450524,252.0,2.587481297483508,0.8067771142885701
madrid,2025-04-29,holt_winters_damped,77.6644482579759,252.0,2.5888149419325304,0.8071929448575159
madrid,2025-04-29,seasonal_naive,88.0,252.0,2.933333333333333,0.9146138386448464
madrid,2025-04-29,weekday_mean_4w,86.0,252.0,2.8666666666666667,0.8938271604938272
madrid,2025-04-29,flat_28d_mean,74.0,252.0,2.466666666666667,0.7691070915877117
madrid,2025-05-29,holt_winters,68.28406652952894,246.0,2.276135550984298,0.7096994568960516
madrid,2025-05-29,holt_winters_damped,68.48497503526056,246.0,2.282832501175352,0.7117875671192743
madrid,2025-05-29,seasonal_naive,70.0,246.0,2.3333333333333335,0.7275337352856733
madrid,2025-05-29,weekday_mean_4w,69.0,246.0,2.3,0.7171403962101636
madrid,2025-05-29,flat_28d_mean,65.0,246.0,2.1666666666666665,0.6755670399081252
madrid,2025-06-28,holt_winters,81.64492887607652,217.0,2.721497629202551,0.8485634296049297
madrid,2025-06-28,holt_winters_damped,83.41791935262812,217.0,2.7805973117542706,0.8669907208053799
madrid,2025-06-28,seasonal_naive,94.0,217.0,3.1333333333333333,0.9769738730979041
madrid,2025-06-28,weekday_mean_4w,86.5,217.0,2.8833333333333333,0.8990238300315819
madrid,2025-06-28,flat_28d_mean,87.78571428571428,217.0,2.926190476190476,0.9123866945572372
madrid,2025-07-28,holt_winters,50.91449785100029,220.0,1.6971499283666764,0.5291716400247518
madrid,2025-07-28,holt_winters_damped,51.740304997948506,220.0,1.7246768332649502,0.5377545337139639
madrid,2025-07-28,seasonal_naive,89.0,220.0,2.966666666666667,0.925007177720356
madrid,2025-07-28,weekday_mean_4w,61.75,220.0,2.058333333333333,0.6417886879127188
madrid,2025-07-28,flat_28d_mean,53.42857142857143,220.0,1.780952380952381,0.5553012591772282
madrid,2025-08-27,holt_winters,81.75265875355207,228.0,2.7250886251184023,0.8496831027500962
madrid,2025-08-27,holt_winters_damped,82.28020784144184,228.0,2.742673594714728,0.8551660992995104
madrid,2025-08-27,seasonal_naive,87.0,228.0,2.9,0.9042204995693368
madrid,2025-08-27,weekday_mean_4w,78.5,228.0,2.6166666666666667,0.815877117427505
madrid,2025-08-27,flat_28d_mean,71.92857142857142,228.0,2.397619047619047,0.747578032074156
madrid,2025-09-26,holt_winters,53.20959738989538,221.0,1.773653246329846,0.5530253877445342
madrid,2025-09-26,holt_winters_damped,53.665611590845685,221.0,1.7888537196948562,0.5577648979582583
madrid,2025-09-26,seasonal_naive,67.0,221.0,2.2333333333333334,0.6963537180591445
madrid,2025-09-26,weekday_mean_4w,66.0,221.0,2.2,0.6859603789836348
madrid,2025-09-26,flat_28d_mean,56.5,221.0,1.8833333333333333,0.5872236577662934
madrid,2025-10-26,holt_winters,62.61865923240559,206.0,2.0872886410801863,0.6508169578561821
madrid,2025-10-26,holt_winters_damped,65.93688624699878,206.0,2.197896208233293,0.6853044163483653
madrid,2025-10-26,seasonal_naive,95.0,206.0,3.1666666666666665,0.9873672121734137
madrid,2025-10-26,weekday_mean_4w,71.5,206.0,2.3833333333333333,0.7431237438989376
madrid,2025-10-26,flat_28d_mean,68.57142857142857,206.0,2.2857142857142856,0.7126861080349453
madrid,2025-11-25,holt_winters,66.09756647379525,242.0,2.2032522157931753,0.6869744204281908
madrid,2025-11-25,holt_winters_damped,66.40288307618374,242.0,2.2134294358727913,0.6901476794021968
madrid,2025-11-25,seasonal_naive,104.0,242.0,3.466666666666667,1.0809072638530004
madrid,2025-11-25,weekday_mean_4w,82.5,242.0,2.75,0.8574504737295435
madrid,2025-11-25,flat_28d_mean,73.78571428571429,242.0,2.4595238095238097,0.7668799475001026
oslo,2024-12-30,holt_winters,88.57961827726223,328.0,2.9526539425754077,0.8510037637040586
oslo,2024-12-30,holt_winters_damped,89.905566632621,328.0,2.9968522210873667,0.8637424395172187
oslo,2024-12-30,seasonal_naive,125.0,328.0,4.166666666666667,1.2009023354564756
oslo,2024-12-30,weekday_mean_4w,94.5,328.0,3.15,0.9078821656050955
oslo,2024-12-30,flat_28d_mean,94.0,328.0,3.1333333333333333,0.9030785562632696
oslo,2025-01-29,holt_winters,82.6071039749492,286.0,2.7535701324983064,0.7936245127104992
oslo,2025-01-29,holt_winters_damped,77.17331923098756,286.0,2.572443974366252,0.7414209543953688
oslo,2025-01-29,seasonal_naive,131.0,286.0,4.366666666666666,1.2585456475583863
oslo,2025-01-29,weekday_mean_4w,82.5,286.0,2.75,0.7925955414012739
oslo,2025-01-29,flat_28d_mean,86.42857142857142,286.0,2.8809523809523805,0.8303381862299059
oslo,2025-02-28,holt_winters,68.31529516478892,275.0,2.2771765054929642,0.656319980086348
oslo,2025-02-28,holt_winters_damped,64.04287764798849,275.0,2.134762588266283,0.6152739306945816
oslo,2025-02-28,seasonal_naive,86.0,275.0,2.8666666666666667,0.8262208067940552
oslo,2025-02-28,weekday_mean_4w,56.25,275.0,1.875,0.540406050955414
oslo,2025-02-28,flat_28d_mean,78.99999999999999,275.0,2.633333333333333,0.7589702760084924
oslo,2025-03-30,holt_winters,78.75709814845723,253.0,2.6252366049485745,0.7566366648020573
oslo,2025-03-30,holt_winters_damped,78.79568570912177,253.0,2.6265228569707255,0.7570073839358301
oslo,2025-03-30,seasonal_naive,121.0,253.0,4.033333333333333,1.1624734607218683
oslo,2025-03-30,weekday_mean_4w,83.75,253.0,2.7916666666666665,0.8046045647558386
oslo,2025-03-30,flat_28d_mean,75.28571428571429,253.0,2.50952380952381,0.723286320897786
oslo,2025-04-29,holt_winters,80.76613947552092,255.0,2.6922046491840304,0.7759379641756521
oslo,2025-04-29,holt_winters_damped,81.77204514468515,255.0,2.7257348381561717,0.7856019199144381
oslo,2025-04-29,seasonal_naive,91.0,255.0,3.033333333333333,0.8742569002123142
oslo,2025-04-29,weekday_mean_4w,86.25,255.0,2.875,0.8286226114649682
oslo,2025-04-29,flat_28d_mean,87.85714285714286,255.0,2.928571428571429,0.8440627843494086
oslo,2025-05-29,holt_winters,74.333884661138,252.0,2.4777961553712666,0.7141418855449033
oslo,2025-05-29,holt_winters_damped,75.2239926050022,252.0,2.50746642016674,0.7226933472136623
oslo,2025-05-29,seasonal_naive,136.0,252.0,4.533333333333333,1.3065817409766454
oslo,2025-05-29,weekday_mean_4w,85.75,252.0,2.8583333333333334,0.8238190021231423
oslo,2025-05-29,flat_28d_mean,75.35714285714286,252.0,2.511904761904762,0.723972550803761
oslo,2025-06-28,holt_winters,50.38048189627696,236.0,1.6793493965425654,0.4840163069652935
oslo,2025-06-28,holt_winters_damped,51.2585612940611,236.0,1.7086187098020367,0.492452207761415
oslo,2025-06-28,seasonal_naive,61.0,236.0,2.033333333333333,0.58604033970276
oslo,2025-06-28,weekday_mean_4w,50.0,236.0,1.6666666666666667,0.48036093418259024
oslo,2025-06-28,flat_28d_mean,57.21428571428571,236.0,1.907142857142857,0.5496701546860783
oslo,2025-07-28,holt_winters,88.0684621295207,262.0,2.9356154043173563,0.8460929748112126
oslo,2025-07-28,holt_winters_damped,86.37553286334777,262.0,2.879184428778259,0.8298286331351352
oslo,2025-07-28,seasonal_naive,124.0,262.0,4.133333333333334,1.1912951167728238
oslo,2025-07-28,weekday_mean_4w,95.25,262.0,3.175,0.9150875796178344
oslo,2025-07-28,flat_28d_mean,94.14285714285714,262.0,3.138095238095238,0.9044510160752198
oslo,2025-08-27,holt_winters,97.2110213315723,277.0,3.2403673777190765,0.9339275403935555
oslo,2025-08-27,holt_winters_damped,96.90588170004384,277.0,3.230196056668128,0.9309959972244126
oslo,2025-08-27,seasonal_naive,147.0,277.0,4.9,1.4122611464968153
oslo,2025-08-27,weekday_mean_4w,117.75,277.0,3.925,1.1312499999999999
oslo,2025-08-27,flat_28d_mean,103.35714285714285,277.0,3.445238095238095,0.9929746739460115
oslo,2025-09-26,holt_winters,80.23553316641532,239.0,2.6745177722138442,0.7708403133291494
oslo,2025-09-26,holt_winters_damped,80.52777057790048,239.0,2.6842590192633495,0.7736479020488316
oslo,2025-09-26,seasonal_naive,101.0,239.0,3.3666666666666667,0.9703290870488323
oslo,2025-09-26,weekday_mean_4w,92.5,239.0,3.0833333333333335,0.8886677282377919
oslo,2025-09-26,flat_28d_mean,87.14285714285711,239.0,2.9047619047619038,0.837200485289657
oslo,2025-10-26,holt_winters,50.4137093755882,262.0,1.6804569791862733,0.4843355306253431
oslo,2025-10-26,holt_winters_damped,50.76644958490047,262.0,1.692214986163349,0.4877243829547232
oslo,2025-10-26,seasonal_naive,100.0,262.0,3.3333333333333335,0.9607218683651805
oslo,2025-10-26,weekday_mean_4w,56.75,262.0,1.8916666666666666,0.5452096602972399
oslo,2025-10-26,flat_28d_mean,59.714285714285715,262.0,1.9904761904761905,0.5736882013952078
oslo,2025-11-25,holt_winters,80.41415669786409,281.0,2.680471889928803,0.7725563886578237
oslo,2025-11-25,holt_winters_damped,80.34647593316572,281.0,2.678215864438857,0.7719061647506897
oslo,2025-11-25,seasonal_naive,95.0,281.0,3.1666666666666665,0.9126857749469214
oslo,2025-11-25,weekday_mean_4w,81.5,281.0,2.716666666666667,0.7829883227176221
oslo,2025-11-25,flat_28d_mean,84.0,281.0,2.8,0.8070063694267515
paris,2024-12-30,holt_winters,67.45455875107115,342.0,2.2484852917023717,0.6013680647183292
paris,2024-12-30,holt_winters_damped,65.77223310215587,342.0,2.192407770071862,0.5863698653609266
paris,2024-12-30,seasonal_naive,151.0,342.0,5.033333333333333,1.3461888929934738
paris,2024-12-30,weekday_mean_4w,83.75,342.0,2.7916666666666665,0.746644501908632
paris,2024-12-30,flat_28d_mean,80.0,342.0,2.6666666666666665,0.7132126585395887
paris,2025-01-29,holt_winters,91.89967533653726,322.0,3.0633225112179088,0.8193001470712102
paris,2025-01-29,holt_winters_damped,92.45301845055167,322.0,3.0817672816850554,0.824233288489095
paris,2025-01-29,seasonal_naive,98.0,322.0,3.2666666666666666,0.8736855067109962
paris,2025-01-29,weekday_mean_4w,109.25,322.0,3.6416666666666666,0.9739810368181259
paris,2025-01-29,flat_28d_mean,96.5,322.0,3.216666666666667,0.860312769363379
paris,2025-02-28,holt_winters,69.1692056157405,317.0,2.30564018719135,0.6166544128284216
paris,2025-02-28,holt_winters_damped,69.92244933053487,317.0,2.330748311017829,0.6233696997328808
paris,2025-02-28,seasonal_naive,97.0,317.0,3.2333333333333334,0.8647703484792514
paris,2025-02-28,weekday_mean_4w,65.5,317.0,2.183333333333333,0.5839428641792882
paris,2025-02-28,flat_28d_mean,72.21428571428572,317.0,2.4071428571428575,0.6438017837352896
paris,2025-03-30,holt_winters,65.49955526981051,327.0,2.183318508993684,0.5839388993392787
paris,2025-03-30,holt_winters_damped,65.72517305013767,327.0,2.190839101671256,0.5859503175507903
paris,2025-03-30,seasonal_naive,70.0,327.0,2.3333333333333335,0.6240610762221402
paris,2025-03-30,weekday_mean_4w,68.5,327.0,2.283333333333333,0.6106883388745229
paris,2025-03-30,flat_28d_mean,79.0,327.0,2.6333333333333333,0.7042975003078439
paris,2025-04-29,holt_winters,72.59121149846425,317.0,2.419707049948808,0.6471621367428656
paris,2025-04-29,holt_winters_damped,72.75886121581966,317.0,2.4252953738606555,0.6486567605005965
paris,2025-04-29,seasonal_naive,102.0,317.0,3.4,0.9093461396379756
paris,2025-04-29,weekday_mean_4w,86.25,317.0,2.875,0.7689323974879941
paris,2025-04-29,flat_28d_mean,70.35714285714286,317.0,2.3452380952380953,0.6272450613049062
paris,2025-05-29,holt_winters,97.6592026399704,316.0,3.25530675466568,0.8706472443213715
paris,2025-05-29,holt_winters_damped,97.01445593976607,316.0,3.233815197992202,0.8648992254696544
paris,2025-05-29,seasonal_naive,129.0,316.0,4.3,1.1500554118950868
paris,2025-05-29,weekday_mean_4w,101.25,316.0,3.375,0.902659770964167
paris,2025-05-29,flat_28d_mean,107.0,316.0,3.566666666666667,0.9539219307967001
paris,2025-06-28,holt_winters,82.14861137049176,310.0,2.738287045683059,0.732367868886049
paris,2025-06-28,holt_winters_damped,82.3107134364565,310.0,2.743690447881883,0.7338130344538173
paris,2025-06-28,seasonal_naive,134.0,310.0,4.466666666666667,1.194631203053811
paris,2025-06-28,weekday_mean_4w,88.0,310.0,2.933333333333333,0.7845339243935476
paris,2025-06-28,flat_28d_mean,74.78571428571426,310.0,2.492857142857142,0.6667264763312046
paris,2025-07-28,holt_winters,84.8606572713579,307.0,2.8286885757119298,0.7565461872240256
paris,2025-07-28,holt_winters_damped,85.36778885966902,307.0,2.8455929619889675,0.7610673455781354
paris,2025-07-28,seasonal_naive,116.0,307.0,3.8666666666666667,1.0341583548824036
paris,2025-07-28,weekday_mean_4w,89.0,307.0,2.966666666666667,0.7934490826252926
paris,2025-07-28,flat_28d_mean,85.57142857142857,307.0,2.8523809523809525,0.7628828258307387
paris,2025-08-27,holt_winters,73.92027413729028,307.0,2.464009137909676,0.6590109404679001
paris,2025-08-27,holt_winters_damped,74.72379625407672,307.0,2.4907932084692237,0.6661744672817577
paris,2025-08-27,seasonal_naive,120.0,307.0,4.0,1.0698189878093831
paris,2025-08-27,weekday_mean_4w,108.25,307.0,3.6083333333333334,0.965065878586381
paris,2025-08-27,flat_28d_mean,87.42857142857143,307.0,2.914285714285714,0.7794395482611219
paris,2025-09-26,holt_winters,79.14754299103451,316.0,2.6382514330344837,0.7056128694189014
paris,2025-09-26,holt_winters_damped,79.53698893709819,316.0,2.6512329645699397,0.7090848416507708
paris,2025-09-26,seasonal_naive,87.0,316.0,2.9,0.7756187661618027
paris,2025-09-26,weekday_mean_4w,88.25,316.0,2.941666666666667,0.7867627139514839
paris,2025-09-26,flat_28d_mean,72.85714285714285,316.0,2.4285714285714284,0.6495329568842683
paris,2025-10-26,holt_winters,91.56596786835132,328.0,3.052198928945044,0.8163250921892177
paris,2025-10-26,holt_winters_damped,91.88113382078927,328.0,3.062704460692976,0.8191348465244606
paris,2025-10-26,seasonal_naive,99.0,328.0,3.3,0.882600664942741
paris,2025-10-26,weekday_mean_4w,74.75,328.0,2.4916666666666667,0.6664080778229282
paris,2025-10-26,flat_28d_mean,88.71428571428572,328.0,2.9571428571428573,0.7909018945590797
paris,2025-11-25,holt_winters,72.79440032051299,321.0,2.4264800106837665,0.648973597242352
paris,2025-11-25,holt_winters_damped,71.37085420385722,321.0,2.3790284734619074,0.6362824583621799
paris,2025-11-25,seasonal_naive,127.0,321.0,4.233333333333333,1.132225095431597
paris,2025-11-25,weekday_mean_4w,102.5,321.0,3.4166666666666665,0.913803718753848
paris,2025-11-25,flat_28d_mean,73.14285714285712,321.0,2.4380952380952374,0.6520801449504809
stockholm,2024-12-30,holt_winters,78.49800275257955,258.0,2.6166000917526517,0.832345547640123
stockholm,2024-12-30,holt_winters_damped,77.36939419434651,258.0,2.578979806478217,0.8203784621661816
stockholm,2024-12-30,seasonal_naive,124.0,258.0,4.133333333333334,1.3148213239601643
stockholm,2024-12-30,weekday_mean_4w,81.0,258.0,2.7,0.8588752196836557
stockholm,2024-12-30,flat_28d_mean,88.78571428571428,258.0,2.9595238095238092,0.941430245208804
stockholm,2025-01-29,holt_winters,67.58354128785008,232.0,2.252784709595003,0.7166151712419957
stockholm,2025-01-29,holt_winters_damped,69.92676507905357,232.0,2.3308921693017854,0.7414613051733272
stockholm,2025-01-29,seasonal_naive,106.0,232.0,3.533333333333333,1.1239601640304628
stockholm,2025-01-29,weekday_mean_4w,67.75,232.0,2.2583333333333333,0.7183801991798477
stockholm,2025-01-29,flat_28d_mean,57.285714285714306,232.0,1.9095238095238103,0.6074232153318272
stockholm,2025-02-28,holt_winters,63.82049593842198,196.0,2.127349864614066,0.6767141045608892
stockholm,2025-02-28,holt_winters_damped,64.33583801409004,196.0,2.1445279338030017,0.6821784815788108
stockholm,2025-02-28,seasonal_naive,78.0,196.0,2.6,0.8270650263620387
stockholm,2025-02-28,weekday_mean_4w,61.0,196.0,2.033333333333333,0.6468072642062097
stockholm,2025-02-28,flat_28d_mean,68.85714285714285,196.0,2.295238095238095,0.7301196752866348
stockholm,2025-03-30,holt_winters,69.07265157987568,230.0,2.3024217193291894,0.7324047999975102
stockholm,2025-03-30,holt_winters_damped,69.74787288149423,230.0,2.3249290960498077,0.7395644400439635
stockholm,2025-03-30,seasonal_naive,96.0,230.0,3.2,1.01792618629174
stockholm,2025-03-30,weekday_mean_4w,75.75,230.0,2.525,0.803207381370826
stockholm,2025-03-30,flat_28d_mean,71.85714285714285,230.0,2.3952380952380947,0.7619298686082516
stockholm,2025-04-29,holt_winters,63.10928287266064,239.0,2.1036427624220213,0.6691728295226466
stockholm,2025-04-29,holt_winters_damped,63.11112060524824,239.0,2.1037040201749413,0.6691923157322749
stockholm,2025-04-29,seasonal_naive,85.0,239.0,2.8333333333333335,0.9012888107791448
stockholm,2025-04-29,weekday_mean_4w,69.75,239.0,2.325,0.7395869947275924
stockholm,2025-04-29,flat_28d_mean,62.14285714285714,239.0,2.071428571428571,0.6589254330906351
stockholm,2025-05-29,holt_winters,82.70017246329522,186.0,2.756672415443174,0.8769028245961591
stockholm,2025-05-29,holt_winters_damped,82.13329152963519,186.0,2.737776384321173,0.8708919605661376
stockholm,2025-05-29,seasonal_naive,123.0,186.0,4.1,1.3042179261862916
stockholm,2025-05-29,weekday_mean_4w,86.25,186.0,2.875,0.914543057996485
stockholm,2025-05-29,flat_28d_mean,81.49999999999997,186.0,2.716666666666666,0.8641769185705914
stockholm,2025-06-28,holt_winters,60.551017525625014,196.0,2.0183672508541672,0.6420465244369143
stockholm,2025-06-28,holt_winters_damped,61.78155438927876,196.0,2.059385146309292,0.6550943962776483
stockholm,2025-06-28,seasonal_naive,85.0,196.0,2.8333333333333335,0.9012888107791448
stockholm,2025-06-28,weekday_mean_4w,70.75,196.0,2.3583333333333334,0.7501903925014646
stockholm,2025-06-28,flat_28d_mean,68.0,196.0,2.2666666666666666,0.7210310486233158
stockholm,2025-07-28,holt_winters,48.40325313088169,186.0,1.6134417710293896,0.5132389464961679
stockholm,2025-07-28,holt_winters_damped,49.493899729749806,186.0,1.649796657658327,0.5248035062146875
stockholm,2025-07-28,seasonal_naive,76.0,186.0,2.533333333333333,0.8058582308142941
stockholm,2025-07-28,weekday_mean_4w,51.0,186.0,1.7,0.5407732864674868
stockholm,2025-07-28,flat_28d_mean,50.07142857142858,186.0,1.6690476190476191,0.5309272742488912
stockholm,2025-08-27,holt_winters,66.30304345572097,215.0,2.2101014485240325,0.7030375433793495
stockholm,2025-08-27,holt_winters_damped,64.33157576848254,215.0,2.144385858949418,0.6821332872932244
stockholm,2025-08-27,seasonal_naive,68.0,215.0,2.2666666666666666,0.7210310486233158
stockholm,2025-08-27,weekday_mean_4w,70.75,215.0,2.3583333333333334,0.7501903925014646
stockholm,2025-08-27,flat_28d_mean,74.57142857142857,215.0,2.4857142857142858,0.7907105197087623
stockholm,2025-09-26,holt_winters,67.24765654127715,233.0,2.241588551375905,0.7130536516679066
stockholm,2025-09-26,holt_winters_damped,65.76051589851991,233.0,2.1920171966173303,0.6972849078870594
stockholm,2025-09-26,seasonal_naive,74.0,233.0,2.466666666666667,0.7846514352665496
stockholm,2025-09-26,weekday_mean_4w,55.75,233.0,1.8583333333333334,0.5911394258933802
stockholm,2025-09-26,flat_28d_mean,68.28571428571429,233.0,2.2761904761904765,0.7240605908444223
stockholm,2025-10-26,holt_winters,69.08539037331762,240.0,2.302846345777254,0.7325398744915343
stockholm,2025-10-26,holt_winters_damped,68.77419878268745,240.0,2.2924732927562483,0.7292401862721986
stockholm,2025-10-26,seasonal_naive,94.0,240.0,3.1333333333333333,0.9967193907439954
stockholm,2025-10-26,weekday_mean_4w,68.5,240.0,2.283333333333333,0.7263327475102519
stockholm,2025-10-26,flat_28d_mean,76.42857142857142,240.0,2.547619047619047,0.8104025441459535
stockholm,2025-11-25,holt_winters,69.6550217580826,259.0,2.3218340586027533,0.738579902648679
stockholm,2025-11-25,holt_winters_damped,68.87429380073279,259.0,2.2958097933577597,0.7303015335637162
stockholm,2025-11-25,seasonal_naive,104.0,259.0,3.466666666666667,1.1027533684827182
stockholm,2025-11-25,weekday_mean_4w,68.25,259.0,2.275,0.7236818980667838
stockholm,2025-11-25,flat_28d_mean,75.0,259.0,2.5,0.7952548330404219
warsaw,2024-12-30,holt_winters,76.32132461158074,315.0,2.5440441537193577,0.7358721403487075
warsaw,2024-12-30,holt_winters_damped,76.127379528809,315.0,2.5375793176269665,0.7340021677834294
warsaw,2024-12-30,seasonal_naive,85.0,315.0,2.8333333333333335,0.8195498734851512
warsaw,2024-12-30,weekday_mean_4w,80.75,315.0,2.691666666666667,0.7785723798108937
warsaw,2024-12-30,flat_28d_mean,79.14285714285714,315.0,2.638095238095238,0.7630766889256702
warsaw,2025-01-29,holt_winters,68.19597079350561,318.0,2.273199026450187,0.6575294027766422
warsaw,2025-01-29,holt_winters_damped,71.1665907019007,318.0,2.3722196900633565,0.686171416542497
warsaw,2025-01-29,seasonal_naive,112.0,318.0,3.7333333333333334,1.0798774803569051
warsaw,2025-01-29,weekday_mean_4w,57.0,318.0,1.9,0.5495805033959249
warsaw,2025-01-29,flat_28d_mean,71.85714285714286,318.0,2.395238095238095,0.6928295569126571
warsaw,2025-02-28,holt_winters,68.07924607897267,302.0,2.2693082026324225,0.6564039707174886
warsaw,2025-02-28,holt_winters_damped,68.64570816070355,302.0,2.2881902720234515,0.661865663981214
warsaw,2025-02-28,seasonal_naive,135.0,302.0,4.5,1.3016380343587695
warsaw,2025-02-28,weekday_mean_4w,86.75,302.0,2.8916666666666666,0.8364229591157278
warsaw,2025-02-28,flat_28d_mean,83.64285714285717,302.0,2.788095238095239,0.806464623404296
warsaw,2025-03-30,holt_winters,91.45706952007961,282.0,3.048568984002654,0.8818074088765168
warsaw,2025-03-30,holt_winters_damped,87.78462529765879,282.0,2.9261541765886263,0.8463985712545607
warsaw,2025-03-30,seasonal_naive,138.0,282.0,4.6,1.3305633240111865
warsaw,2025-03-30,weekday_mean_4w,105.5,282.0,3.5166666666666666,1.0172060194433346
warsaw,2025-03-30,flat_28d_mean,92.5,282.0,3.0833333333333335,0.891863097616194
warsaw,2025-04-29,holt_winters,70.9244582372973,267.0,2.36414860790991,0.6838368326515282
warsaw,2025-04-29,holt_winters_damped,67.87948169514927,267.0,2.262649389838309,0.654477889829379
warsaw,2025-04-29,seasonal_naive,79.0,267.0,2.6333333333333333,0.7616992941803169
warsaw,2025-04-29,weekday_mean_4w,77.5,267.0,2.5833333333333335,0.7472366493541085
warsaw,2025-04-29,flat_28d_mean,74.57142857142857,267.0,2.4857142857142858,0.7190000570743679
warsaw,2025-05-29,holt_winters,69.24602547834525,281.0,2.3082008492781747,0.6676537814132635
warsaw,2025-05-29,holt_winters_damped,68.41524574569404,281.0,2.2805081915231344,0.6596435999451655
warsaw,2025-05-29,seasonal_naive,82.0,281.0,2.7333333333333334,0.790624583832734
warsaw,2025-05-29,weekday_mean_4w,70.5,281.0,2.35,0.6797443068318019
warsaw,2025-05-29,flat_28d_mean,76.28571428571426,281.0,2.5428571428571423,0.735528794018606
warsaw,2025-06-28,holt_winters,69.77664925844446,282.0,2.3258883086148154,0.6727699302585403
warsaw,2025-06-28,holt_winters_damped,69.03115948095736,282.0,2.3010386493652453,0.6655820943429634
warsaw,2025-06-28,seasonal_naive,90.0,282.0,3.0,0.867758689572513
warsaw,2025-06-28,weekday_mean_4w,75.0,282.0,2.5,0.7231322413104275
warsaw,2025-06-28,flat_28d_mean,74.57142857142858,282.0,2.485714285714286,0.7190000570743681
warsaw,2025-07-28,holt_winters,76.73697734150335,276.0,2.5578992447167783,0.7398797655513174
warsaw,2025-07-28,holt_winters_damped,76.24032620564739,276.0,2.5413442068549132,0.7350911728977056
warsaw,2025-07-28,seasonal_naive,124.0,276.0,4.133333333333334,1.1955786389665737
warsaw,2025-07-28,weekday_mean_4w,80.0,276.0,2.6666666666666665,0.7713410573977892
warsaw,2025-07-28,flat_28d_mean,85.71428571428572,276.0,2.857142857142857,0.8264368472119171
warsaw,2025-08-27,holt_winters,66.57028752851602,279.0,2.2190095842838673,0.6418549496690051
warsaw,2025-08-27,holt_winters_damped,66.60398757441092,279.0,2.220132919147031,0.6421798775319418
warsaw,2025-08-27,seasonal_naive,137.0,279.0,4.566666666666666,1.3209215607937141
warsaw,2025-08-27,weekday_mean_4w,72.0,279.0,2.4,0.6942069516580104
warsaw,2025-08-27,flat_28d_mean,74.5,279.0,2.4833333333333334,0.7183113597016914
warsaw,2025-09-26,holt_winters,70.1457581381562,274.0,2.33819193793854,0.6763287906781873
warsaw,2025-09-26,holt_winters_damped,70.25590728501028,274.0,2.3418635761670092,0.677390822670761
warsaw,2025-09-26,seasonal_naive,98.0,274.0,3.2666666666666666,0.9448927953122919
warsaw,2025-09-26,weekday_mean_4w,70.0,274.0,2.3333333333333335,0.6749234252230657
warsaw,2025-09-26,flat_28d_mean,88.57142857142857,274.0,2.952380952380952,0.853984742118981
warsaw,2025-10-26,holt_winters,80.99962156477841,268.0,2.6999873854926135,0.7809791718324619
warsaw,2025-10-26,holt_winters_damped,81.4228699072514,268.0,2.7140956635750464,0.7850600321327741
warsaw,2025-10-26,seasonal_naive,142.0,268.0,4.733333333333333,1.369130376881076
warsaw,2025-10-26,weekday_mean_4w,81.0,268.0,2.7,0.7809828206152617
warsaw,2025-10-26,flat_28d_mean,85.42857142857142,268.0,2.8476190476190473,0.8236820577212106
warsaw,2025-11-25,holt_winters,72.26816053483947,297.0,2.408938684494649,0.6967924920392033
warsaw,2025-11-25,holt_winters_damped,71.98120418785797,297.0,2.399373472928599,0.6940257268878569
warsaw,2025-11-25,seasonal_naive,128.0,297.0,4.266666666666667,1.2341456918364628
warsaw,2025-11-25,weekday_mean_4w,93.75,297.0,3.125,0.9039153016380344
warsaw,2025-11-25,flat_28d_mean,86.5,297.0,2.8833333333333333,0.8340125183113597
