country_code,month,ev_type,registrations
DE,2024-01-01,BEV,25455
DE,2024-01-01,PHEV,10721
DE,2024-02-01,BEV,28788
DE,2024-02-01,PHEV,13741
DE,2024-03-01,BEV,25452
DE,2024-03-01,PHEV,12714
DE,2024-04-01,BEV,33621
DE,2024-04-01,PHEV,15265
DE,2024-05-01,BEV,35836
DE,2024-05-01,PHEV,15734
DE,2024-06-01,BEV,40076
DE,2024-06-01,PHEV,18716
DE,2024-07-01,BEV,37890
DE,2024-07-01,PHEV,19336
DE,2024-08-01,BEV,38092
DE,2024-08-01,PHEV,16091
DE,2024-09-01,BEV,35988
DE,2024-09-01,PHEV,15188
DE,2024-10-01,BEV,35399
DE,2024-10-01,PHEV,15502
DE,2024-11-01,BEV,31337
DE,2024-11-01,PHEV,14153
DE,2024-12-01,BEV,34858
DE,2024-12-01,PHEV,14757
DE,2025-01-01,BEV,32061
DE,2025-01-01,PHEV,15183
DE,2025-02-01,BEV,37568
DE,2025-02-01,PHEV,17453
DE,2025-03-01,BEV,41068
DE,2025-03-01,PHEV,19353
DE,2025-04-01,BEV,51066
DE,2025-04-01,PHEV,19849
DE,2025-05-01,BEV,44812
DE,2025-05-01,PHEV,20557
DE,2025-06-01,BEV,50866
DE,2025-06-01,PHEV,24873
DE,2025-07-01,BEV,48091
DE,2025-07-01,PHEV,21304
DE,2025-08-01,BEV,43933
DE,2025-08-01,PHEV,23286
DE,2025-09-01,BEV,47202
DE,2025-09-01,PHEV,21877
DE,2025-10-01,BEV,39718
DE,2025-10-01,PHEV,20108
DE,2025-11-01,BEV,40532
DE,2025-11-01,PHEV,19228
DE,2025-12-01,BEV,42692
DE,2025-12-01,PHEV,19117
DK,2024-01-01,BEV,3430
DK,2024-01-01,PHEV,1539
DK,2024-02-01,BEV,3638
DK,2024-02-01,PHEV,1758
DK,2024-03-01,BEV,3489
DK,2024-03-01,PHEV,1811
DK,2024-04-01,BEV,4194
DK,2024-04-01,PHEV,1946
DK,2024-05-01,BEV,4595
DK,2024-05-01,PHEV,2475
DK,2024-06-01,BEV,4563
DK,2024-06-01,PHEV,2486
DK,2024-07-01,BEV,4271
DK,2024-07-01,PHEV,2260
DK,2024-08-01,BEV,4871
DK,2024-08-01,PHEV,2368
DK,2024-09-01,BEV,4838
DK,2024-09-01,PHEV,2290
DK,2024-10-01,BEV,4210
DK,2024-10-01,PHEV,1962
DK,2024-11-01,BEV,4451
DK,2024-11-01,PHEV,1930
DK,2024-12-01,BEV,3733
DK,2024-12-01,PHEV,1779
DK,2025-01-01,BEV,4027
DK,2025-01-01,PHEV,2127
DK,2025-02-01,BEV,4772
DK,2025-02-01,PHEV,2343
DK,2025-03-01,BEV,5028
DK,2025-03-01,PHEV,2480
DK,2025-04-01,BEV,5994
DK,2025-04-01,PHEV,2620
DK,2025-05-01,BEV,6342
DK,2025-05-01,PHEV,2727
DK,2025-06-01,BEV,6163
DK,2025-06-01,PHEV,2896
DK,2025-07-01,BEV,5747
DK,2025-07-01,PHEV,3107
DK,2025-08-01,BEV,5928
DK,2025-08-01,PHEV,2901
DK,2025-09-01,BEV,6058
DK,2025-09-01,PHEV,2843
DK,2025-10-01,BEV,5786
DK,2025-10-01,PHEV,2564
DK,2025-11-01,BEV,5080
DK,2025-11-01,PHEV,2458
DK,2025-12-01,BEV,4520
DK,2025-12-01,PHEV,2174
ES,2024-01-01,BEV,6348
ES,2024-01-01,PHEV,3074
ES,2024-02-01,BEV,8007
ES,2024-02-01,PHEV,3386
ES,2024-03-01,BEV,8356
ES,2024-03-01,PHEV,4476
ES,2024-04-01,BEV,9237
ES,2024-04-01,PHEV,4738
ES,2024-05-01,BEV,9486
ES,2024-05-01,PHEV,4745
ES,2024-06-01,BEV,9884
ES,2024-06-01,PHEV,4897
ES,2024-07-01,BEV,11492
ES,2024-07-01,PHEV,4367
ES,2024-08-01,BEV,10855
ES,2024-08-01,PHEV,5030
ES,2024-09-01,BEV,9513
ES,2024-09-01,PHEV,4156
ES,2024-10-01,BEV,9504
ES,2024-10-01,PHEV,4258
ES,2024-11-01,BEV,9257
ES,2024-11-01,PHEV,4284
ES,2024-12-01,BEV,10234
ES,2024-12-01,PHEV,4187
ES,2025-01-01,BEV,8708
ES,2025-01-01,PHEV,4527
ES,2025-02-01,BEV,10476
ES,2025-02-01,PHEV,5371
ES,2025-03-01,BEV,12117
ES,2025-03-01,PHEV,5497
ES,2025-04-01,BEV,13914
ES,2025-04-01,PHEV,5304
ES,2025-05-01,BEV,12667
ES,2025-05-01,PHEV,5816
ES,2025-06-01,BEV,13418
ES,2025-06-01,PHEV,5800
ES,2025-07-01,BEV,14571
ES,2025-07-01,PHEV,6409
ES,2025-08-01,BEV,11857
ES,2025-08-01,PHEV,5810
ES,2025-09-01,BEV,13048
ES,2025-09-01,PHEV,6392
ES,2025-10-01,BEV,13900
ES,2025-10-01,PHEV,6955
ES,2025-11-01,BEV,11853
ES,2025-11-01,PHEV,4971
ES,2025-12-01,BEV,9457
ES,2025-12-01,PHEV,5480
FR,2024-01-01,BEV,17148
FR,2024-01-01,PHEV,8344
FR,2024-02-01,BEV,19063
FR,2024-02-01,PHEV,9326
FR,2024-03-01,BEV,24158
FR,2024-03-01,PHEV,10607
FR,2024-04-01,BEV,24252
FR,2024-04-01,PHEV,10602
FR,2024-05-01,BEV,22937
FR,2024-05-01,PHEV,11979
FR,2024-06-01,BEV,27516
FR,2024-06-01,PHEV,14844
FR,2024-07-01,BEV,28109
FR,2024-07-01,PHEV,14120
FR,2024-08-01,BEV,26019
FR,2024-08-01,PHEV,11545
FR,2024-09-01,BEV,23809
FR,2024-09-01,PHEV,11437
FR,2024-10-01,BEV,28569
FR,2024-10-01,PHEV,10733
FR,2024-11-01,BEV,25052
FR,2024-11-01,PHEV,10250
FR,2024-12-01,BEV,25183
FR,2024-12-01,PHEV,11368
FR,2025-01-01,BEV,24197
FR,2025-01-01,PHEV,11493
FR,2025-02-01,BEV,25203
FR,2025-02-01,PHEV,12962
FR,2025-03-01,BEV,28275
FR,2025-03-01,PHEV,12454
FR,2025-04-01,BEV,28888
FR,2025-04-01,PHEV,15351
FR,2025-05-01,BEV,38845
FR,2025-05-01,PHEV,16437
FR,2025-06-01,BEV,35441
FR,2025-06-01,PHEV,17223
FR,2025-07-01,BEV,39565
FR,2025-07-01,PHEV,17153
FR,2025-08-01,BEV,33575
FR,2025-08-01,PHEV,17783
FR,2025-09-01,BEV,34012
FR,2025-09-01,PHEV,17376
FR,2025-10-01,BEV,31418
FR,2025-10-01,PHEV,13144
FR,2025-11-01,BEV,26395
FR,2025-11-01,PHEV,15790
FR,2025-12-01,BEV,33519
FR,2025-12-01,PHEV,13663
NL,2024-01-01,BEV,4874
NL,2024-01-01,PHEV,2643
NL,2024-02-01,BEV,5009
NL,2024-02-01,PHEV,2401
NL,2024-03-01,BEV,6417
NL,2024-03-01,PHEV,2781
NL,2024-04-01,BEV,6732
NL,2024-04-01,PHEV,3128
NL,2024-05-01,BEV,7458
NL,2024-05-01,PHEV,3802
NL,2024-06-01,BEV,7632
NL,2024-06-01,PHEV,3749
NL,2024-07-01,BEV,6376
NL,2024-07-01,PHEV,3575
NL,2024-08-01,BEV,6930
NL,2024-08-01,PHEV,3156
NL,2024-09-01,BEV,6577
NL,2024-09-01,PHEV,3240
NL,2024-10-01,BEV,7184
NL,2024-10-01,PHEV,2815
NL,2024-11-01,BEV,6453
NL,2024-11-01,PHEV,2911
NL,2024-12-01,BEV,6257
NL,2024-12-01,PHEV,3266
NL,2025-01-01,BEV,7008
NL,2025-01-01,PHEV,3500
NL,2025-02-01,BEV,7202
NL,2025-02-01,PHEV,3240
NL,2025-03-01,BEV,7901
NL,2025-03-01,PHEV,3859
NL,2025-04-01,BEV,8947
NL,2025-04-01,PHEV,3791
NL,2025-05-01,BEV,9525
NL,2025-05-01,PHEV,4531
NL,2025-06-01,BEV,11786
NL,2025-06-01,PHEV,5310
NL,2025-07-01,BEV,9151
NL,2025-07-01,PHEV,4516
NL,2025-08-01,BEV,8404
NL,2025-08-01,PHEV,4267
NL,2025-09-01,BEV,9244
NL,2025-09-01,PHEV,4652
NL,2025-10-01,BEV,7995
NL,2025-10-01,PHEV,3786
NL,2025-11-01,BEV,6731
NL,2025-11-01,PHEV,3774
NL,2025-12-01,BEV,7390
NL,2025-12-01,PHEV,3639
NO,2024-01-01,BEV,6051
NO,2024-01-01,PHEV,3039
NO,2024-02-01,BEV,6112
NO,2024-02-01,PHEV,2954
NO,2024-03-01,BEV,9244
NO,2024-03-01,PHEV,3334
NO,2024-04-01,BEV,7951
NO,2024-04-01,PHEV,4704
NO,2024-05-01,BEV,11582
NO,2024-05-01,PHEV,4008
NO,2024-06-01,BEV,9517
NO,2024-06-01,PHEV,4740
NO,2024-07-01,BEV,11236
NO,2024-07-01,PHEV,4278
NO,2024-08-01,BEV,9428
NO,2024-08-01,PHEV,4807
NO,2024-09-01,BEV,9473
NO,2024-09-01,PHEV,4178
NO,2024-10-01,BEV,8569
NO,2024-10-01,PHEV,3628
NO,2024-11-01,BEV,8171
NO,2024-11-01,PHEV,3836
NO,2024-12-01,BEV,8470
NO,2024-12-01,PHEV,3739
NO,2025-01-01,BEV,9023
NO,2025-01-01,PHEV,4423
NO,2025-02-01,BEV,9554
NO,2025-02-01,PHEV,4566
NO,2025-03-01,BEV,10456
NO,2025-03-01,PHEV,4899
NO,2025-04-01,BEV,10759
NO,2025-04-01,PHEV,5509
NO,2025-05-01,BEV,12142
NO,2025-05-01,PHEV,6723
NO,2025-06-01,BEV,14294
NO,2025-06-01,PHEV,6159
NO,2025-07-01,BEV,11935
NO,2025-07-01,PHEV,5449
NO,2025-08-01,BEV,13492
NO,2025-08-01,PHEV,5918
NO,2025-09-01,BEV,12117
NO,2025-09-01,PHEV,4724
NO,2025-10-01,BEV,11802
NO,2025-10-01,PHEV,5358
NO,2025-11-01,BEV,9583
NO,2025-11-01,PHEV,4762
NO,2025-12-01,BEV,10673
NO,2025-12-01,PHEV,4939
PL,2024-01-01,BEV,3467
PL,2024-01-01,PHEV,1656
PL,2024-02-01,BEV,3801
PL,2024-02-01,PHEV,1848
PL,2024-03-01,BEV,4815
PL,2024-03-01,PHEV,1611
PL,2024-04-01,BEV,4664
PL,2024-04-01,PHEV,2268
PL,2024-05-01,BEV,5247
PL,2024-05-01,PHEV,2340
PL,2024-06-01,BEV,4597
PL,2024-06-01,PHEV,2583
PL,2024-07-01,BEV,6128
PL,2024-07-01,PHEV,2222
PL,2024-08-01,BEV,5608
PL,2024-08-01,PHEV,2403
PL,2024-09-01,BEV,4969
PL,2024-09-01,PHEV,2152
PL,2024-10-01,BEV,4598
PL,2024-10-01,PHEV,2454
PL,2024-11-01,BEV,4755
PL,2024-11-01,PHEV,2434
PL,2024-12-01,BEV,4963
PL,2024-12-01,PHEV,2209
PL,2025-01-01,BEV,5404
PL,2025-01-01,PHEV,2310
PL,2025-02-01,BEV,5488
PL,2025-02-01,PHEV,2364
PL,2025-03-01,BEV,5709
PL,2025-03-01,PHEV,2523
PL,2025-04-01,BEV,6721
PL,2025-04-01,PHEV,2654
PL,2025-05-01,BEV,7093
PL,2025-05-01,PHEV,3093
PL,2025-06-01,BEV,7574
PL,2025-06-01,PHEV,3454
PL,2025-07-01,BEV,7943
PL,2025-07-01,PHEV,3453
PL,2025-08-01,BEV,5874
PL,2025-08-01,PHEV,3145
PL,2025-09-01,BEV,5768
PL,2025-09-01,PHEV,2871
PL,2025-10-01,BEV,6717
PL,2025-10-01,PHEV,2964
PL,2025-11-01,BEV,5416
PL,2025-11-01,PHEV,2480
PL,2025-12-01,BEV,5716
PL,2025-12-01,PHEV,2421
SE,2024-01-01,BEV,5039
SE,2024-01-01,PHEV,2568
SE,2024-02-01,BEV,6357
SE,2024-02-01,PHEV,2871
SE,2024-03-01,BEV,5278
SE,2024-03-01,PHEV,3115
SE,2024-04-01,BEV,7172
SE,2024-04-01,PHEV,3467
SE,2024-05-01,BEV,8683
SE,2024-05-01,PHEV,3021
SE,2024-06-01,BEV,7643
SE,2024-06-01,PHEV,3954
SE,2024-07-01,BEV,7054
SE,2024-07-01,PHEV,4249
SE,2024-08-01,BEV,8100
SE,2024-08-01,PHEV,3953
SE,2024-09-01,BEV,7148
SE,2024-09-01,PHEV,3754
SE,2024-10-01,BEV,7693
SE,2024-10-01,PHEV,3397
SE,2024-11-01,BEV,6943
SE,2024-11-01,PHEV,3276
SE,2024-12-01,BEV,6334
SE,2024-12-01,PHEV,3164
SE,2025-01-01,BEV,7027
SE,2025-01-01,PHEV,3450
SE,2025-02-01,BEV,8339
SE,2025-02-01,PHEV,3325
SE,2025-03-01,BEV,8433
SE,2025-03-01,PHEV,4484
SE,2025-04-01,BEV,8786
SE,2025-04-01,PHEV,4107
SE,2025-05-01,BEV,10174
SE,2025-05-01,PHEV,5030
SE,2025-06-01,BEV,10397
SE,2025-06-01,PHEV,5408
SE,2025-07-01,BEV,11113
SE,2025-07-01,PHEV,5223
SE,2025-08-01,BEV,10525
SE,2025-08-01,PHEV,5626
SE,2025-09-01,BEV,9390
SE,2025-09-01,PHEV,3772
SE,2025-10-01,BEV,10143
SE,2025-10-01,PHEV,4075
SE,2025-11-01,BEV,8679
SE,2025-11-01,PHEV,4473
SE,2025-12-01,BEV,7455
SE,2025-12-01,PHEV,3621
